picocom v2024-07

port is        : /dev/ttyUSB0
flowcontrol    : none
baudrate is    : 912600
parity is      : none
databits are   : 8
stopbits are   : 1
txdelay is     : 0 ns
escape is      : C-a
local echo is  : no
noinit is      : no
noreset is     : no
hangup is      : no
nolock is      : no
send_cmd is    : sz -vv
receive_cmd is : rz -vv -E
imap is        : 
omap is        : 
emap is        : crcrlf,delbs,
logfile is     : none
initstring     : none
exit_after is  : not set
exit is        : no
minimal cmds is: no

!! Settings mismatch !! Type [C-a] [C-v] to see actual port settings
Type [C-a] [C-h] to see available commands
Terminal ready

[USB] HackRF USB Host starting...
USBH init on controller 0, speed = High
sizeof(usbh_data_t) = 28
sizeof(usbh_device_t) = 94
sizeof(hcd_event_t) = 12
sizeof(tuh_xfer_t) = 24
sizeof(tu_fifo_t) = 12
sizeof(tu_edpt_stream_t) = 24
CDC init
[USB] Host init OK, PORTSC1=0x3c001000 USBMODE=0x00000023
[USB] Waiting for device...
[0:] USBH Device Attach
High Speed
[0:0] Open EP0 with Size = 8
Get 8 byte of Device Descriptor
[0:0] Get Descriptor: 80 06 00 01 00 00 08 00 
[:0] on EP 00 with 8 bytes: OK
[:0] on EP 80 with 8 bytes: OK
[0:0] Control data:
  0000:  12 01 00 02 00 00 00 40                          |.......@|
[:0] on EP 00 with 0 bytes: OK

Set Address = 1
[0:0] Set Address: 00 05 01 00 00 00 00 00 
[:0] on EP 00 with 8 bytes: OK
[:0] on EP 80 with 0 bytes: OK

[0:1] Open EP0 with Size = 64
Get Device Descriptor
[0:1] Get Descriptor: 80 06 00 01 00 00 12 00 
[:1] on EP 00 with 8 bytes: OK
[:1] on EP 80 with 18 bytes: OK
[0:1] Control data:
  0000:  12 01 00 02 00 00 00 40 03 04 11 60 00 08 01 02  |.......@...`....|
  0010:  03 01                                            |..|
[:1] on EP 00 with 0 bytes: OK

[0:1] Get Descriptor: 80 06 00 03 00 00 02 00 
[:1] on EP 00 with 8 bytes: OK
[:1] on EP 80 with 2 bytes: OK
[0:1] Control data:
  0000:  04 03                     [:1] on EP 00 with 0 bytes: OK

[0:1] Get Descriptor: 80 06 01 03 09 04 02 00 
            |..|
[:1] on EP 00 with 0 bytes: OK

[0:1] Get Descriptor: 80 06 01 03 09 04 0E 00 
78 00        |..X.i.l.i.n.x.|
[:1] on EP 00 with 0 bytes: OK

[0:1] Get Descriptor: 80 06 02 03 09 04 02 00 
            |..|
[:1] on EP 00 with 0 bytes: OK

[0:1] Get Descriptor: 80 06 02 03 09 04 18 00 
K

[0:1] Get Descriptor: 80 06 03 03 09 04 02 00 
[:1] on EP 00 with 8 bytes: OK
[:1] on EP 80 with 2 bytes: OK
[0:1] Control data:
  0000:  1A 03                     7.6.0.2.0.|
  0010:  31 00 52 00 30 00 30 00 4A 00                    |1.R.0.0.J.|
n EP 00 with 8 bytes: OK
[:1] on EP 80 with 9 bytes: OK
[0:1] Control data:
  0000:  09 02 65 00 04 01 00 80 32      80 32 09 04 00 00 02 FF FF  |..e.....2.......|
  0010:  FF 02 07 05 81 02 00 02 00 07 05 02 02 00 02 00  |.............EP 00 with 0 bytes: OK

Set Configuration = 1
[0:1] Set Configuration: 00 09 01 00 00 00 00 00 
ransfer on EP 04
[1] Aborted transfer on EP 84
[1] Aborted transfer on EP 05
ansfer on EP 89
[1] Aborted transfer on EP 0A
[1] Aborted transfer on EP 8A
[1] Aborted transfer on EP 0B

  CDC opened
CDC set config: itf = 0
[0:1] Class Request: 40 00 00 00 01 00 00 00 
8 bytes: OK
[:1] on EP 80 with 0 bytes: OK

[0:1] Class Request: 40 03 68 C0 01 02 00 00 
[:1] on EP 00 with 8 bytes: OK
 40 00 00 00 02 00 00 00 
[:1] on EP 00 with 8 bytes: OK
[:1] on EP 80 with 0 bytes: OK

[0:1] Class Request: 40 02 00 00 02 00 00 00 
tes ... 
OK
[:1] on EP 80 with 0 bytes: OK

[0:1] Class Request: 40 03 68 C0 02 02 00 00 
[:1] on EP 00 with 8 byte80 with 0 bytes: OK

[0:1] Class Request: 40 01 03 03 02 00 00 00 
[:1] on EP 00 with 8 bytes: OK
P 0x83
  Queue EP 83 with 512 bytes ... 
OK
[:1] on EP 00 with 8 bytes: OK
[:1] on EP 80 with 0 bytes: OK

EP 00 with 8 bytes: OK
[:1] on EP 80 with 0 bytes: OK

[0:1] Class Request: 40 04 08 00 03 00 00 00 
8 bytes: OK
[:1] on EP 80 with 0 bytes: OK

[FTDI] itf 2 mounted (idx=2)
[FTDI] itf 2 ready – 115200 baud 8N1
[1] Claimed EP 0x85
  Queue EP 85 with 512 bytes ..ith 512 bytes ... 
OK
[:1] on EP 80 with 0 bytes: OK

 0 bytes: OK

[0:1] Class Request: 40 03 68 C0 04 02 00 00 
 8 bytes: OK
[:1] on EP 80 with 0 bytes: OK


tuh_cdc_rx_cb callback with idx=2
ello Worldr
[:1] on EP 80 with 0 bytes: OK

[FTDI] itf 3 mounted (idx=3)
ed EP 0x81
  Queue EP 81 with 512 bytes ... 
OK
[:1] on EP 87 with 2 bytes: OK
  CDC xfer callback
[1] Claimed EP 0x87
  Queue EP 87 with 512 bytes ... 
OK
[:1] on EP 85 with 94 bytes: OK
  CDC xfer callback
r
Hello Worldr
Hello Worldr
Hello Worldr
Hello Worldth 2 bytes: OK
  CDC xfer callback
[1] Claimed EP 0x83
  Queue EP 83 with 512 bytes ... 
OK
[:1] on EP 81 with 2 bytes: OK
  CDC xfer callback
[1] Claimed EP 0x81
  Queue EP 81 with 512 bytes ... 
OK
[:1] on EP 85 with 94 bytes: OK
  CDC xfer callback
tuh_cdc_rx_cb callback with idx=2
[1] Claimed EP 0x85
xfer callback
[1] Claimed EP 0x81
  Queue EP 81 with 512 bytes ... 
OK
[:1] on EP 85 with 94 bytes: OK
  CDC xfer callback
tuh_cdc_rx_cb callback with idx=2
[1] Claimed EP 0x85
  Queue EP 85 with 512 bytes ... 
OK
llo Worldr
Hello Worldr
Hello Worldr
Hello Worldr
Hello Worldr
Hello Worldr
Hello: OK
  CDC xfer callback
[1] Claimed EP 0x81
  Queue EP 81 with 512 bytes ... 
OK
[:1] on EP 85 with 94 bytes: OK
  CDC xfer callback
tuh_cdc_rx_cb callback with idx=2
[1] Claimed EP 0x85
  Queue EP 85 with 512 bytes ... 
OK
lo Worldr
Hello Worldr
Hello Worldr
Hello Worldr
Hello Worldr
Hello Worldr
Hello : OK
  CDC xfer callback
[1] Claimed EP 0x81
  Queue EP 81 with 512 bytes ... 
OK
[:1] on EP 85 with 94 bytes: OK
  CDC xfer callback
tuh_cdc_rx_cb callback with idx=2
[1] Claimed EP 0x85
  Queue EP 85 with 512 bytes ... 
OK
o Worldr
Hello Worldr
Hello Worldr
Hello Worldr
Hello Worldr
Hello Worldr
Hello Worldr

  CDC xfer callback
[1] Claimed EP 0x81
  Queue EP 81 with 512 bytes ... 
OK
[:1] on EP 85 with 94 bytes: OK
  CDC xfer callback
tuh_cdc_rx_cb callback with idx=2
[1] Claimed EP 0x85
[:1] on EP 87 with 2 bytes: OK
  CDC xfer callback
[1] Claimed EP 0x87
  Queue EP 87 with 512 bytes ... 
OK
2 bytes: OK
  CDC xfer callback
[1] Claimed EP 0x81
  Queue EP 81 with 512 bytes ... 
OK
[:1] on EP 85 with 95 bytes: OK
  CDC xfer callback
o Worldr
Hello Worldr
Hello Worldr
Hello Worldr
Hellwith 2 bytes: OK
  CDC xfer callback
[1] Claimed EP 0x83
  Queue EP 83 with 512 bytes ... 
OK
[:1] on EP 81 with 2 bytes: OK
  CDC xfer callback
[1] Claimed EP 0x81
  Queue EP 81 with 512 bytes ... 
OK
[:1] on EP 85 with 94 bytes: OK
  CDC xfer callback
tuh_cdc_rx_cb callback with idx=2
K
[:1] on EP 83 with 2 bytes: OK
  CDC xfer callback
[1] Claimed EP 0x83
  Queue EP 83 with 512 bytes ... 
OK
[:1] on EP 81 with 2 bytes: OK
  CDC xfer callback
[1] Claimed EP 0x81
  Queue EP 81 with 512 bytes ... 
OK
 bytes ... 
OK
ldr
Hello Worldr
Hello Worldr
Hello Worldr
Hello Worldr
Hello Worldr
Hello Worldr
Hello Worl xfer callback
[1] Claimed EP 0x81
  Queue EP 81 with 512 bytes ... 
OK
[:1] on EP 85 with 94 bytes: OK
  CDC xfer callback
tuh_cdc_rx_cb callback with idx=2
[1] Claimed EP 0x85
  Queue EP 85 with 512 bytes ... 
OK
dr
Hello Worldr
Hello Worldr
Hello Worldr
Hello Worldr
Hello Worldr
Hello Worldr
 OK
  CDC xfer callback
[1] Claimed EP 0x81
  Queue EP 81 with 512 bytes ... 
OK
[:1] on EP 85 with 94 bytes: OK
  CDC xfer callback
tuh_cdc_rx_cb callback with idx=2
[1] Claimed EP 0x85
  Queue EP 85 with 512 bytes ... 
OK
r
Hello Worldr
Hello Worldr
Hello Worldr
Hello Worldr
Hello on EP 81 with 2 bytes: OK
  CDC xfer callback
[1] Claimed EP 0x81
  Queue EP 81 with 512 bytes ... 
OK
[:1] on EP 85 with 94 bytes: OK
  CDC xfer callback
tuh_cdc_rx_cb callback with idx=2
[1] Claimed EP 0x85
[:1] on EP 87 with 2 bytes: OK
  CDC xfer callback
[1] Claimed EP 0x87
  Queue EP 87 with 512 bytes ... 
OK
2 bytes: OK
  CDC xfer callback
[1] Claimed EP 0x81
  Queue EP 81 with 512 bytes ... 
OK
[:1] on EP 85 with 94 bytes: OK
  CDC xfer callback
r
Hello Worldr
Hello Worldr
Hello Worldr
Hello Worldr
H2 bytes: OK
  CDC xfer callback
[1] Claimed EP 0x83
  Queue EP 83 with 512 bytes ... 
OK
[:1] on EP 81 with 2 bytes: OK
  CDC xfer callback
[1] Claimed EP 0x81
  Queue EP 81 with 512 bytes ... 
OK
[:1] on EP 85 with 94 bytes: OK
  CDC xfer callback

Hello Worldr
Hello Worldr
Hello Worldr
Hello Worldr
He[:1] on EP 87 with 2 bytes: OK
  CDC xfer callback
th 512 bytes ... 
OK
[:1] on EP 85 with 94 bytes: OK
  CDC xfer callback
tuh_cdc_rx_cb callback with idx=2
[1] Claimed EP 0x85
  Queue EP 85 with 512 bytes ... 
OK
llo Worldr
Hello Worldr
Hello Worldr
Hello Worldr
Hello Worldr
Hello Worldr
Hello: OK
  CDC xfer callback
[1] Claimed EP 0x81
  Queue EP 81 with 512 bytes ... 
OK
[:1] on EP 85 with 95 bytes: OK
  CDC xfer callback
tuh_cdc_rx_cb callback with idx=2
[1] Claimed EP 0x85
  Queue EP 85 with 512 bytes ... 
OK
lo Worldr
Hello Worldr
Hello Worldr
Hello Worldr
Hello Worldr
Hello Worldr
Hello : OK
  CDC xfer callback
[1] Claimed EP 0x81
  Queue EP 81 with 512 bytes ... 
OK
[:1] on EP 85 with 94 bytes: OK
  CDC xfer callback
tuh_cdc_rx_cb callback with idx=2
[1] Claimed EP 0x85
  Queue EP 85 with 512 bytes ... 
OK
 Worldr
Hello Worldr
Hello Worldr
Hello Worldr
Hello Worldr
on EP 81 with 2 bytes: OK
  CDC xfer callback
[1] Claimed EP 0x81
  Queue EP 81 with 512 bytes ... 
OK
[:1] on EP 85 with 94 bytes: OK
  CDC xfer callback
tuh_cdc_rx_cb callback with idx=2
[1] Claimed EP 0x85
  Queue EP 85 with 512 bytes ... 
OK
Worldr
Hello Worldr
Hello Worldr
Hello Worldr
Hello Worldr
Hon EP 81 with 2 bytes: OK
  CDC xfer callback
[1] Claimed EP 0x81
  Queue EP 81 with 512 bytes ... 
OK
[:1] on EP 85 with 94 bytes: OK
  CDC xfer callback
tuh_cdc_rx_cb callback with idx=2
[1] Claimed EP 0x85
  Queue EP 85 with 512 bytes ... 
OK
orldr
Hello Worldr
Hello W... 
OK
[:1] on EP 85 with 94 bytes: OK
  CDC xfer callback
tuh_cdc_rx_cb callback with idx=2
[1] Claimed EP 0x85
  Queue EP 85 with 512 bytes ... 
OK
rldr
Hello Worldr
Hello Worldr
Hello Worldr
Hello Worldr
Hello Worldr
Hello World EP 83 with 2 bytes: OK
  CDC xfer callback
[1] Claimed EP 0x83
512 bytes ... 
OK
[:1] on EP 85 with 94 bytes: OK
  CDC xfer callback
tuh_cdc_rx_cb callback with idx=2
[1] Claimed EP 0x85
  Queue EP 85 with 512 bytes ... 
OK
ldr
Hello Worldr
Hello Worldr
Hello Worldr
Hello Worldr
Hello Worldr
Hello Worldrs: OK
  CDC xfer callback
[1] Claimed EP 0x81
  Queue EP 81 with 512 bytes ... 
OK
[:1] on EP 85 with 94 bytes: OK
  CDC xfer callback
tuh_cdc_rx_cb callback with idx=2
[1] Claimed EP 0x85
  Queue EP 85 with 512 bytes ... 
OK
dr
Hello Worldr
Hello Worldr
Hello Worldr
Hello Worldr
Hello Worldr
Hello Worldr
s: OK
  CDC xfer callback
[1] Claimed EP 0x81
  Queue EP 81 with 512 bytes ... 
OK
[:1] on EP 85 with 94 bytes: OK
  CDC xfer callback
tuh_cdc_rx_cb callback with idx=2
[1] Claimed EP 0x85
  Queue EP 85 with 512 bytes ... 
OK
r
Hello Worldr
Hello Worldr
Hello Worldr
Hello Worldr
Hello Worldr
Hello Worldr
Hs: OK
  CDC xfer callback
[1] Claimed EP 0x81
  Queue EP 81 with 512 bytes ... 
OK
[:1] on EP 85 with 95 bytes: OK
  CDC xfer callback
tuh_cdc_rx_cb callback with idx=2
[1] Claimed EP 0x85
  Queue EP 85 with 512 bytes ... 
OK

Hello Worldr
Hello Worldr
Hello Worldr
Hello Worldr
Hello W on EP 81 with 2 bytes: OK
  CDC xfer callback
[1] Claimed EP 0x81
  Queue EP 81 with 512 bytes ... 
OK
[:1] on EP 85 with 94 bytes: OK
  CDC xfer callback
tuh_cdc_rx_cb callback with idx=2
orldr
Hello Worldr
He[:1] on EP 87 with 2 bytes: OK
  CDC xfer callback
[1] Claimed EP 0x87
  Queue EP 87 with 512 bytes ... 
OK
2 bytes: OK
  CDC xfer callback
[1] Claimed EP 0x81
  Queue EP 81 with 512 bytes ... 
OK
[:1] on EP 85 with 94 bytes: OK
  CDC xfer callback
tuh_cdc_rx_cb callback with idx=2
[1] Claimed EP 0x85
  Queue EP 85 with 512 bytes ... 
OK
llo Worldr
Hello Worldr
Hello WOK
[:1] on EP 85 with 94 bytes: OK
  CDC xfer callback
tuh_cdc_rx_cb callback with idx=2
[1] Claimed EP 0x85
  Queue EP 85 with 512 bytes ... 
OK
lo Worldr
Hello Worldr
Hello Worldr
Hello Worldr
Hello Worldr
Hello Worldr
Hello  EP 83 with 2 bytes: OK
  CDC xfer callback
[1] Claimed EP 0x83
  Queue EP 83 with 512 bytes ... 
OK
[:1] on EP 81 with 2 bytes: OK
  CDC xfer callback
[1] Claimed EP 0x81
  Queue EP 81 with 512 bytes ... 
OK
[:1] on EP 85 with 94 bytes: OK
  CDC xfer callback
tuh_cdc_rx_cb callback with idx=2
[1] Claimed EP 0x85
  Queue EP ack
[1] Claimed EP 0x81
  Queue EP 81 with 512 bytes ... 
OK
[:1] on EP 85 with 94 bytes: OK
  CDC xfer callback
tuh_cdc_rx_cb callback with idx=2
[1] Claimed EP 0x85
  Queue EP 85 with 512 bytes ... 
OK
 Worldr
Hello Worldr
Hello Worldr
Hello Worldr
Hello Worldr
Hello Worldr
Hello Wos: OK
  CDC xfer callback
[1] Claimed EP 0x81
  Queue EP 81 with 512 bytes ... 
OK
[:1] on EP 85 with 94 bytes: OK
  CDC xfer callback
tuh_cdc_rx_cb callback with idx=2
[1] Claimed EP 0x85
  Queue EP 85 with 512 bytes ... 
OK
Worldr
Hello Worldr
Hello Worldr
Hello Worldr
Hello Worldr
Hello Worldr
Hello Wors: OK
  CDC xfer callback
[1] Claimed EP 0x81
  Queue EP 81 with 512 bytes ... 
OK
[:1] on EP 85 with 94 bytes: OK
  CDC xfer callback
tuh_cdc_rx_cb callback with idx=2
[1] Claimed EP 0x85
  Queue EP 85 with 512 bytes ... 
OK
orldr
Hello Worldr
Hello Worldr
Hello Worldr
Hello Worldr
Hen EP 81 with 2 bytes: OK
  CDC xfer callback
[1] Claimed EP 0x81
  Queue EP 81 with 512 bytes ... 
OK
[:1] on EP 85 with 95 bytes: OK
  CDC xfer callback
tuh_cdc_rx_cb callback with idx=2
[1] Claimed EP 0x85
  Queue EP 85 with 512 bytes ... 
OK
rldr
Hello Worldr
Hello Wo... 
OK
[:1] on EP 85 with 94 bytes: OK
  CDC xfer callback
tuh_cdc_rx_cb callback with idx=2
[1] Claimed EP 0x85
  Queue EP 85 with 512 bytes ... 
OK
dr
Hello Worldr
Hello Worldr
Hello Worldr
Hello Worldr
Hello Worldr
Hello Worldr
EP 83 with 2 bytes: OK
  CDC xfer callback
1
  Queue EP 81 with 512 bytes ... 
OK
[:1] on EP 85 with 94 bytes: OK
  CDC xfer callback
tuh_cdc_rx_cb callback with idx=2
[1] Claimed EP 0x85
  Queue EP 85 with 512 bytes ... 
OK
r
Hello Worldr
Hello Worldr
Hello Worldr
Hello Worldr
Hello Worldr
Hello Worldr
Hs: OK
  CDC xfer callback
[1] Claimed EP 0x81
  Queue EP 81 with 512 bytes ... 
OK
[:1] on EP 85 with 94 bytes: OK
  CDC xfer callback
tuh_cdc_rx_cb callback with idx=2
[1] Claimed EP 0x85
  Queue EP 85 with 512 bytes ... 
OK

Hello Worldr
Hello Worldr
Hello Worldr
Hello Worldr
Hello Worldr
Hello Worldr
He OK
  CDC xfer callback
[1] Claimed EP 0x81
  Queue EP 81 with 512 bytes ... 
OK
[:1] on EP 85 with 94 bytes: OK
  CDC xfer callback
tuh_cdc_rx_cb callback with idx=2
[1] Claimed EP 0x85
  Queue EP 85 with 512 bytes ... 
OK
Hello Worldr
Hello Worldr
Hello Worldr
Hello Worldr
Hello Worldr
Hello Worldr
Hels: OK
  CDC xfer callback
[1] Claimed EP 0x81
  Queue EP 81 with 512 bytes ... 
OK
[:1] on EP 85 with 94 bytes: OK
  CDC xfer callback
tuh_cdc_rx_cb callback with idx=2
[1] Claimed EP 0x85
  Queue EP 85 with 512 bytes ... 
OK
ello Worldr
Hello Worldr
Hello Worldr
Hello Worldr
Hello Wor on EP 81 with 2 bytes: OK
  CDC xfer callback
[1] Claimed EP 0x81
  Queue EP 81 with 512 bytes ... 
OK
[:1] on EP 85 with 94 bytes: OK
  CDC xfer callback
tuh_cdc_rx_cb callback with idx=2
[1] Claimed EP 0x85
  Queue EP 85 with 512 bytes ... 
OK
llo Worldr
Hello Worldr
Hello Worldr
Hello Worldr
Hello Worldr
HP 81 with 2 bytes: OK
  CDC xfer callback
[1] Claimed EP 0x81
  Queue EP 81 with 512 bytes ... 
OK
[:1] on EP 85 with 94 bytes: OK
  CDC xfer callback
tuh_cdc_rx_cb callback with idx=2
[1] Claimed EP 0x85
  Queue EP 85 with 512 bytes ... 
OK
lo Worldr
Hello Worldr
Hels ... 
OK
[:1] on EP 85 with 95 bytes: OK
  CDC xfer callback
tuh_cdc_rx_cb callback with idx=2
[1] Claimed EP 0x85
  Queue EP 85 with 512 bytes ... 
OK
o Worldr
Hello Worldr
Hello Worldr
Hello Worldr
Hello Worldr
Hello Worldr
Hello Wn EP 83 with 2 bytes: OK
  CDC xfer callback
[1] Claimed EP 0x83
  Queue EP 83 with 512 bytes ... 
OK
[:1] on EP 81 with 2 bytes: OK
  CDC xfer callback
[1] Claimed EP 0x81
  Queue EP 81 with 512 bytes ... 
OK
[:1] on EP 85 with 94 bytes: OK
  CDC xfer callback
tuh_cdc_rx_cb callback with idx=2
[1] Claimed EP 0x85
  Queue EP ck
[1] Claimed EP 0x81
  Queue EP 81 with 512 bytes ... 
OK
[:1] on EP 85 with 94 bytes: OK
  CDC xfer callback
tuh_cdc_rx_cb callback with idx=2
[1] Claimed EP 0x85
  Queue EP 85 with 512 bytes ... 
OK
orldr
Hello Worldr
Hello Worldr
Hello Worldr
Hello Worldr
Hello Worldr
Hello Worls: OK
  CDC xfer callback
[1] Claimed EP 0x81
  Queue EP 81 with 512 bytes ... 
OK
[:1] on EP 85 with 94 bytes: OK
  CDC xfer callback
tuh_cdc_rx_cb callback with idx=2
[1] Claimed EP 0x85
  Queue EP 85 with 512 bytes ... 
OK
rldr
Hello Worldr
Hello Worldr
Hello Worldr
Hello Worldr
Hello Worldr
Hello World: OK
  CDC xfer callback
[1] Claimed EP 0x81
  Queue EP 81 with 512 bytes ... 
OK
[:1] on EP 85 with 94 bytes: OK
  CDC xfer callback
tuh_cdc_rx_cb callback with idx=2
[1] Claimed EP 0x85
  Queue EP 85 with 512 bytes ... 
OK
ldr
Hello Worldr
Hello Worldr
Hello Worldr
Hello Worldr
Helln EP 81 with 2 bytes: OK
  CDC xfer callback
[1] Claimed EP 0x81
  Queue EP 81 with 512 bytes ... 
OK
[:1] on EP 85 with 94 bytes: OK
  CDC xfer callback
tuh_cdc_rx_cb callback with idx=2
[1] Claimed EP 0x85
  Queue EP 85 with 512 bytes ... 
OK
dr
Hello Worldr
Hello Worl... 
OK
[:1] on EP 85 with 94 bytes: OK
  CDC xfer callback
tuh_cdc_rx_cb callback with idx=2
[1] Claimed EP 0x85
  Queue EP 85 with 512 bytes ... 
OK
r
Hello Worldr
Hello Worldr
Hello Worldr
Hello Worldr
Hello Worldr
Hello Worldr
H EP 83 with 2 bytes: OK
  CDC xfer callback
[1] Claimed EP 0x83
512 bytes ... 
OK
[:1] on EP 85 with 94 bytes: OK
  CDC xfer callback
tuh_cdc_rx_cb callback with idx=2
[1] Claimed EP 0x85
  Queue EP 85 with 512 bytes ... 
OK

Hello Worldr
Hello Worldr
Hello Worldr
Hello Worldr
Hello Worldr
Hello Worldr
HeEP 83 with 2 bytes: OK
  CDC xfer callback
[1] Claimed EP 0x83
  Queue EP 83 with 512 bytes ... 
OK
[:1] on EP 81 with 2 bytes: OK
  CDC xfer callback
[1] Claimed EP 0x81
  Queue EP 81 with 512 bytes ... 
OK
 bytes ... 
OK
Hello Worldr
Hello Worldr
Hello Worldr
Hello Worldr
Hello Worldr
Hello Worldr
Hello Worldr
HC xfer callback
[1] Claimed EP 0x81
  Queue EP 81 with 512 bytes ... 
OK
[:1] on EP 85 with 95 bytes: OK
  CDC xfer callback
tuh_cdc_rx_cb callback with idx=2
[1] Claimed EP 0x85
  Queue EP 85 with 512 bytes ... 
OK
ello Worldr
Hello Worldr
Hello Worldr
Hello Worldr
Hello Worldr
Hello Worldr
Hell: OK
  CDC xfer callback
[1] Claimed EP 0x81
  Queue EP 81 with 512 bytes ... 
OK
[:1] on EP 85 with 94 bytes: OK
  CDC xfer callback
tuh_cdc_rx_cb callback with idx=2
[1] Claimed EP 0x85
  Queue EP 85 with 512 bytes ... 
OK
lo Worldr
Hello Worldr
Hello Worldr
Hello Worldr
Hello World on EP 81 with 2 bytes: OK
  CDC xfer callback
[1] Claimed EP 0x81
  Queue EP 81 with 512 bytes ... 
OK
[:1] on EP 85 with 94 bytes: OK
  CDC xfer callback
tuh_cdc_rx_cb callback with idx=2
[1] Claimed EP 0x85
  Queue EP 85 with 512 bytes ... 
OK
o Worldr
Hello Worldr
Hello Worldr
Hello Worldr
Hello Worldr
HelP 81 with 2 bytes: OK
  CDC xfer callback
[1] Claimed EP 0x81
  Queue EP 81 with 512 bytes ... 
OK
[:1] on EP 85 with 94 bytes: OK
  CDC xfer callback
tuh_cdc_rx_cb callback with idx=2
r
Hello Worldr
Hello [:1] on EP 87 with 2 bytes: OK
  CDC xfer callback
[1] Claimed EP 0x87
K
[:1] on EP 85 with 94 bytes: OK
  CDC xfer callback
tuh_cdc_rx_cb callback with idx=2
[1] Claimed EP 0x85
  Queue EP 85 with 512 bytes ... 
OK
Worldr
Hello Worldr
Hello Worldr
Hello Worldr
Hello Worldr
Hello Worldr
Hello WorEP 83 with 2 bytes: OK
  CDC xfer callback
[1] Claimed EP 0x83
  Queue EP 83 with 512 bytes ... 
OK
[:1] on EP 81 with 2 bytes: OK
  CDC xfer callback
[1] Claimed EP 0x81
  Queue EP 81 with 512 bytes ... 
OK
[:1] on EP 85 with 94 bytes: OK
  CDC xfer callback
tuh_cdc_rx_cb callback with idx=2
[1] Claimed EP 0x85
 xfer callback
[1] Claimed EP 0x81
  Queue EP 81 with 512 bytes ... 
OK
[:1] on EP 85 with 94 bytes: OK
  CDC xfer callback
tuh_cdc_rx_cb callback with idx=2
[1] Claimed EP 0x85
  Queue EP 85 with 512 bytes ... 
OK
rldr
Hello Worldr
Hello Worldr
Hello Worldr
Hello Worldr
Hello Worldr
Hello Worlds: OK
  CDC xfer callback
[1] Claimed EP 0x81
  Queue EP 81 with 512 bytes ... 
OK
[:1] on EP 85 with 94 bytes: OK
  CDC xfer callback
tuh_cdc_rx_cb callback with idx=2
[1] Claimed EP 0x85
  Queue EP 85 with 512 bytes ... 
OK
ldr
Hello Worldr
Hello Worldr
Hello Worldr
Hello Worldr
Hello Worldr
Hello Worldrs: OK
  CDC xfer callback
[1] Claimed EP 0x81
  Queue EP 81 with 512 bytes ... 
OK
[:1] on EP 85 with 95 bytes: OK
  CDC xfer callback
tuh_cdc_rx_cb callback with idx=2
[1] Claimed EP 0x85
  Queue EP 85 with 512 bytes ... 
OK
dr
Hello Worldr
Hello Worldr
Hello Worldr
Hello Worldr
Helloon EP 81 with 2 bytes: OK
  CDC xfer callback
[1] Claimed EP 0x81
  Queue EP 81 with 512 bytes ... 
OK
[:1] on EP 85 with 94 bytes: OK
  CDC xfer callback
tuh_cdc_rx_cb callback with idx=2
[1] Claimed EP 0x85
  Queue EP 85 with 512 bytes ... 
OK

Hello Worldr
Hello Worldr... 
OK
[:1] on EP 85 with 94 bytes: OK
  CDC xfer callback
tuh_cdc_rx_cb callback with idx=2
[1] Claimed EP 0x85
  Queue EP 85 with 512 bytes ... 
OK
Hello Worldr
Hello Worldr
Hello Worldr
Hello Worldr
Hello Worldr
Hello Worldr
Hel EP 83 with 2 bytes: OK
  CDC xfer callback

  Queue EP 81 with 512 bytes ... 
OK
[:1] on EP 85 with 94 bytes: OK
  CDC xfer callback
tuh_cdc_rx_cb callback with idx=2
[1] Claimed EP 0x85
  Queue EP 85 with 512 bytes ... 
OK
ello Worldr
Hello Worldr
Hello Worldr
Hello Worldr
Hello Worldr
Hello Worldr
HellEP 83 with 2 bytes: OK
  CDC xfer callback
[1] Claimed EP 0x83
  Queue EP 83 with 512 bytes ... 
OK
[:1] on EP 81 with 2 bytes: OK
  CDC xfer callback
[1] Claimed EP 0x81
  Queue EP 81 with 512 bytes ... 
OK
bytes ... 
OK
llo Worldr
Hello Worldr
Hello Worldr
Hello Worldr
Hello Worldr
Hello Worldr
Hello Worldr
HelC xfer callback
[1] Claimed EP 0x81
  Queue EP 81 with 512 bytes ... 
OK
[:1] on EP 85 with 94 bytes: OK
  CDC xfer callback
tuh_cdc_rx_cb callback with idx=2
[1] Claimed EP 0x85
  Queue EP 85 with 512 bytes ... 
OK
lo Worldr
Hello Worldr
Hello Worldr
Hello Worldr
Hello Worldr
Hello Worldr
Hello : OK
  CDC xfer callback
[1] Claimed EP 0x81
  Queue EP 81 with 512 bytes ... 
OK
[:1] on EP 85 with 94 bytes: OK
  CDC xfer callback
tuh_cdc_rx_cb callback with idx=2
[1] Claimed EP 0x85
  Queue EP 85 with 512 bytes ... 
OK
o Worldr
Hello Worldr
Hello Worldr
Hello Worldr
Hello Worldr on EP 81 with 2 bytes: OK
  CDC xfer callback
[1] Claimed EP 0x81
  Queue EP 81 with 512 bytes ... 
OK
[:1] on EP 85 with 94 bytes: OK
  CDC xfer callback
tuh_cdc_rx_cb callback with idx=2
[1] Claimed EP 0x85
  Queue EP 85 with 512 bytes ... 
OK
 Worldr
Hello Worldr
Hello Worldr
Hello Worldr
Hello Worldr
Hello W1 with 2 bytes: OK
  CDC xfer callback
[1] Claimed EP 0x81
  Queue EP 81 with 512 bytes ... 
OK
[:1] on EP 85 with 95 bytes: OK
  CDC xfer callback
tuh_cdc_rx_cb callback with idx=2

Hello Worldr
Hello Wo[:1] on EP 87 with 2 bytes: OK
  CDC xfer callback
[1] Claimed EP 0x87
K
[:1] on EP 85 with 94 bytes: OK
  CDC xfer callback
tuh_cdc_rx_cb callback with idx=2
[1] Claimed EP 0x85
  Queue EP 85 with 512 bytes ... 
OK
rldr
Hello Worldr
Hello Worldr
Hello Worldr
Hello Worldr
Hello Worldr
Hello World EP 83 with 2 bytes: OK
  CDC xfer callback
[1] Claimed EP 0x83
  Queue EP 83 with 512 bytes ... 
OK
[:1] on EP 81 with 2 bytes: OK
  CDC xfer callback
[1] Claimed EP 0x81
  Queue EP 81 with 512 bytes ... 
OK
[:1] on EP 85 with 94 bytes: OK
  CDC xfer callback
tuh_cdc_rx_cb callback with idx=2
[1] Claimed EP 0x85
  Queue EP 85
[1] Claimed EP 0x81
  Queue EP 81 with 512 bytes ... 
OK
[:1] on EP 85 with 94 bytes: OK
  CDC xfer callback
tuh_cdc_rx_cb callback with idx=2
[1] Claimed EP 0x85
  Queue EP 85 with 512 bytes ... 
OK
dr
Hello Worldr
Hello Worldr
Hello Worldr
Hello Worldr
Hello Worldr
Hello Worldr
 OK
  CDC xfer callback
[1] Claimed EP 0x81
  Queue EP 81 with 512 bytes ... 
OK
[:1] on EP 85 with 94 bytes: OK
  CDC xfer callback
tuh_cdc_rx_cb callback with idx=2
[1] Claimed EP 0x85
  Queue EP 85 with 512 bytes ... 
OK
r
Hello Worldr
Hello Worldr
Hello Worldr
Hello Worldr
Hello Worldr
Hello Worldr
Hs: OK
  CDC xfer callback
[1] Claimed EP 0x81
  Queue EP 81 with 512 bytes ... 
OK
[:1] on EP 85 with 94 bytes: OK
  CDC xfer callback
tuh_cdc_rx_cb callback with idx=2
[1] Claimed EP 0x85
  Queue EP 85 with 512 bytes ... 
OK

Hello Worldr
Hello Worldr
Hello Worldr
Hello Worldr
Hello Won EP 81 with 2 bytes: OK
  CDC xfer callback
[1] Claimed EP 0x81
  Queue EP 81 with 512 bytes ... 
OK
[:1] on EP 85 with 94 bytes: OK
  CDC xfer callback
tuh_cdc_rx_cb callback with idx=2
[1] Claimed EP 0x85
  Queue EP 85 with 512 bytes ... 
OK
Hello Worldr
Hello Worldr
.. 
OK
[:1] on EP 85 with 94 bytes: OK
  CDC xfer callback
tuh_cdc_rx_cb callback with idx=2
[1] Claimed EP 0x85
  Queue EP 85 with 512 bytes ... 
OK
ello Worldr
Hello Worldr
Hello Worldr
Hello Worldr
Hello Worldr
Hello Worldr
HellEP 83 with 2 bytes: OK
  CDC xfer callback
[1] Claimed EP 0x83
512 bytes ... 
OK
[:1] on EP 85 with 95 bytes: OK
  CDC xfer callback
tuh_cdc_rx_cb callback with idx=2
[1] Claimed EP 0x85
  Queue EP 85 with 512 bytes ... 
OK
llo Worldr
Hello Worldr
Hello Worldr
Hello Worldr
Hello Worldr
Hello Worldr
Hellon EP 83 with 2 bytes: OK
  CDC xfer callback
[1] Claimed EP 0x83
  Queue EP 83 with 512 bytes ... 
OK
[:1] on EP 81 with 2 bytes: OK
  CDC xfer callback
[1] Claimed EP 0x81
  Queue EP 81 with 512 bytes ... 
OK
 bytes ... 
OK
o Worldr
Hello Worldr
Hello Worldr
Hello Worldr
Hello Worldr
Hello Worldr
Hello Worldr
Hello xfer callback
[1] Claimed EP 0x81
  Queue EP 81 with 512 bytes ... 
OK
[:1] on EP 85 with 94 bytes: OK
  CDC xfer callback
tuh_cdc_rx_cb callback with idx=2
[1] Claimed EP 0x85
  Queue EP 85 with 512 bytes ... 
OK
 Worldr
Hello Worldr
Hello Worldr
Hello Worldr
Hello Worldr
Hello Worldr
Hello Wo: OK
  CDC xfer callback
[1] Claimed EP 0x81
  Queue EP 81 with 512 bytes ... 
OK
[:1] on EP 85 with 94 bytes: OK
  CDC xfer callback
tuh_cdc_rx_cb callback with idx=2
[1] Claimed EP 0x85
  Queue EP 85 with 512 bytes ... 
OK
Worldr
Hello Worldr
Hello Worldr
Hello Worldr
Hello Worldr
Hon EP 81 with 2 bytes: OK
  CDC xfer callback
[1] Claimed EP 0x81
  Queue EP 81 with 512 bytes ... 
OK
[:1] on EP 85 with 94 bytes: OK
  CDC xfer callback
tuh_cdc_rx_cb callback with idx=2
[1] Claimed EP 0x85
  Queue EP 85 with 512 bytes ... 
OK
orldr
Hello Worldr
Hello Worldr
Hello Worldr
Hello Worldr
HelloEP 81 with 2 bytes: OK
  CDC xfer callback
[1] Claimed EP 0x81
  Queue EP 81 with 512 bytes ... 
OK
[:1] on EP 85 with 94 bytes: OK
  CDC xfer callback
tuh_cdc_rx_cb callback with idx=2
[1] Claimed EP 0x85
  Queue EP 85 with 512 bytes ... 
OK
rldr
Hello Worldr
Hello Wo ... 
OK
[:1] on EP 85 with 94 bytes: OK
  CDC xfer callback
tuh_cdc_rx_cb callback with idx=2
[1] Claimed EP 0x85
  Queue EP 85 with 512 bytes ... 
OK
ldr
Hello Worldr
Hello Worldr
Hello Worldr
Hello Worldr
Hello Worldr
Hello Worldr EP 83 with 2 bytes: OK
  CDC xfer callback
[1] Claimed EP 0x83
  Queue EP 83 with 512 bytes ... 
OK
[:1] on EP 81 with 2 bytes: OK
  CDC xfer callback
[1] Claimed EP 0x81
  Queue EP 81 with 512 bytes ... 
OK
[:1] on EP 85 with 94 bytes: OK
  CDC xfer callback
tuh_cdc_rx_cb callback with idx=2
[1] Claimed EP 0x85
 xfer callback
[1] Claimed EP 0x81
  Queue EP 81 with 512 bytes ... 
OK
[:1] on EP 85 with 95 bytes: OK
  CDC xfer callback
tuh_cdc_rx_cb callback with idx=2
[1] Claimed EP 0x85
  Queue EP 85 with 512 bytes ... 
OK
r
Hello Worldr
Hello Worldr
Hello Worldr
Hello Worldr
Hello Worldr
Hello Worldr
Hes: OK
  CDC xfer callback
[1] Claimed EP 0x81
  Queue EP 81 with 512 bytes ... 
OK
[:1] on EP 85 with 94 bytes: OK
  CDC xfer callback
tuh_cdc_rx_cb callback with idx=2
[1] Claimed EP 0x85
  Queue EP 85 with 512 bytes ... 
OK
Hello Worldr
Hello Worldr
Hello Worldr
Hello Worldr
Hello Worldr
Hello Worldr
Hel: OK
  CDC xfer callback
[1] Claimed EP 0x81
  Queue EP 81 with 512 bytes ... 
OK
[:1] on EP 85 with 94 bytes: OK
  CDC xfer callback
tuh_cdc_rx_cb callback with idx=2
[1] Claimed EP 0x85
  Queue EP 85 with 512 bytes ... 
OK
ello Worldr
Hello Worldr
Hello Worldr
Hello Worldr
Hello Wor on EP 81 with 2 bytes: OK
  CDC xfer callback
[1] Claimed EP 0x81
  Queue EP 81 with 512 bytes ... 
OK
[:1] on EP 85 with 94 bytes: OK
  CDC xfer callback
tuh_cdc_rx_cb callback with idx=2
[1] Claimed EP 0x85
  Queue EP 85 with 512 bytes ... 
OK
llo Worldr
Hello Worldr
He... 
OK
[:1] on EP 85 with 94 bytes: OK
  CDC xfer callback
tuh_cdc_rx_cb callback with idx=2
[1] Claimed EP 0x85
  Queue EP 85 with 512 bytes ... 
OK
lo Worldr
Hello Worldr
Hello Worldr
Hello Worldr
Hello Worldr
Hello Worldr
Hello EP 83 with 2 bytes: OK
  CDC xfer callback
1
  Queue EP 81 with 512 bytes ... 
OK
[:1] on EP 85 with 94 bytes: OK
  CDC xfer callback
tuh_cdc_rx_cb callback with idx=2
[1] Claimed EP 0x85
  Queue EP 85 with 512 bytes ... 
OK
o Worldr
Hello Worldr
Hello Worldr
Hello Worldr
Hello Worldr
Hello Worldr
Hello W EP 83 with 2 bytes: OK
  CDC xfer callback
[1] Claimed EP 0x83
  Queue EP 83 with 512 bytes ... 
OK
[:1] on EP 81 with 2 bytes: OK
  CDC xfer callback
[1] Claimed EP 0x81
  Queue EP 81 with 512 bytes ... 
OK
bytes ... 
OK
 Worldr
Hello Worldr
Hello Worldr
Hello Worldr
Hello Worldr
Hello Worldr
Hello Worldr
HelCDC xfer callback
[1] Claimed EP 0x81
  Queue EP 81 with 512 bytes ... 
OK
[:1] on EP 85 with 94 bytes: OK
  CDC xfer callback
tuh_cdc_rx_cb callback with idx=2
[1] Claimed EP 0x85
  Queue EP 85 with 512 bytes ... 
OK
Worldr
Hello Worldr
Hello Worldr
Hello Worldr
Hello Worldr
Hello Worldr
Hello Wors: OK
  CDC xfer callback
[1] Claimed EP 0x81
  Queue EP 81 with 512 bytes ... 
OK
[:1] on EP 85 with 94 bytes: OK
  CDC xfer callback
tuh_cdc_rx_cb callback with idx=2
[1] Claimed EP 0x85
  Queue EP 85 with 512 bytes ... 
OK
orldr
Hello Worldr
Hello Worldr
Hello Worldr
Hello Worldr
Heon EP 81 with 2 bytes: OK
  CDC xfer callback
[1] Claimed EP 0x81
  Queue EP 81 with 512 bytes ... 
OK
[:1] on EP 85 with 95 bytes: OK
  CDC xfer callback
tuh_cdc_rx_cb callback with idx=2
[1] Claimed EP 0x85
  Queue EP 85 with 512 bytes ... 
OK
rldr
Hello Worldr
Hello Worldr
Hello Worldr
Hello Worldr
Hello World with 2 bytes: OK
  CDC xfer callback
[1] Claimed EP 0x81
  Queue EP 81 with 512 bytes ... 
OK
[:1] on EP 85 with 94 bytes: OK
  CDC xfer callback
tuh_cdc_rx_cb callback with idx=2
[1] Claimed EP 0x85
  Queue EP 85 with 512 bytes ... 
OK
dr
Hello Worldr
Hello Worl... 
OK
[:1] on EP 85 with 94 bytes: OK
  CDC xfer callback
tuh_cdc_rx_cb callback with idx=2
[1] Claimed EP 0x85
  Queue EP 85 with 512 bytes ... 
OK
r
Hello Worldr
Hello Worldr
Hello Worldr
Hello Worldr
Hello Worldr
Hello Worldr
H EP 83 with 2 bytes: OK
  CDC xfer callback
[1] Claimed EP 0x83
  Queue EP 83 with 512 bytes ... 
OK
[:1] on EP 81 with 2 bytes: OK
  CDC xfer callback
[1] Claimed EP 0x81
  Queue EP 81 with 512 bytes ... 
OK
[:1] on EP 85 with 94 bytes: OK
  CDC xfer callback
tuh_cdc_rx_cb callback with idx=2
[1] Claimed EP 0x85
C xfer callback
[1] Claimed EP 0x81
  Queue EP 81 with 512 bytes ... 
OK
[:1] on EP 85 with 94 bytes: OK
  CDC xfer callback
tuh_cdc_rx_cb callback with idx=2
[1] Claimed EP 0x85
  Queue EP 85 with 512 bytes ... 
OK
Hello Worldr
Hello Worldr
Hello Worldr
Hello Worldr
Hello Worldr
Hello Worldr
Hel OK
  CDC xfer callback
[1] Claimed EP 0x81
  Queue EP 81 with 512 bytes ... 
OK
[:1] on EP 85 with 94 bytes: OK
  CDC xfer callback
tuh_cdc_rx_cb callback with idx=2
[1] Claimed EP 0x85
  Queue EP 85 with 512 bytes ... 
OK
ello Worldr
Hello Worldr
Hello Worldr
Hello Worldr
Hello Worldr
Hello Worldr
Hell: OK
  CDC xfer callback
[1] Claimed EP 0x81
  Queue EP 81 with 512 bytes ... 
OK
[:1] on EP 85 with 94 bytes: OK
  CDC xfer callback
tuh_cdc_rx_cb callback with idx=2
[1] Claimed EP 0x85
  Queue EP 85 with 512 bytes ... 
OK
llo Worldr
Hello Worldr
Hello Worldr
Hello Worldr
Hello Worln EP 81 with 2 bytes: OK
  CDC xfer callback
[1] Claimed EP 0x81
  Queue EP 81 with 512 bytes ... 
OK
[:1] on EP 85 with 94 bytes: OK
  CDC xfer callback
tuh_cdc_rx_cb callback with idx=2
[1] Claimed EP 0x85
  Queue EP 85 with 512 bytes ... 
OK
lo Worldr
Hello Worldr
Hel.. 
OK
[:1] on EP 85 with 94 bytes: OK
  CDC xfer callback
tuh_cdc_rx_cb callback with idx=2
[1] Claimed EP 0x85
  Queue EP 85 with 512 bytes ... 
OK
o Worldr
Hello Worldr
Hello Worldr
Hello Worldr
Hello Worldr
Hello Worldr
Hello W EP 83 with 2 bytes: OK
  CDC xfer callback

  Queue EP 81 with 512 bytes ... 
OK
[:1] on EP 85 with 95 bytes: OK
  CDC xfer callback
tuh_cdc_rx_cb callback with idx=2
[1] Claimed EP 0x85
  Queue EP 85 with 512 bytes ... 
OK
 Worldr
Hello Worldr
Hello Worldr
Hello Worldr
Hello Worldr
Hello Worldr
Hello Wo EP 83 with 2 bytes: OK
  CDC xfer callback
[1] Claimed EP 0x83
  Queue EP 83 with 512 bytes ... 
OK
[:1] on EP 81 with 2 bytes: OK
  CDC xfer callback
[1] Claimed EP 0x81
  Queue EP 81 with 512 bytes ... 
OK
[:1] on EP 85 with 94 bytes: OK
  CDC xfer callback
tuh_cdc_rx_cb callback with idx=2
[1] Claimed EP 0x85
  Queue EP 85 wit[1] Claimed EP 0x81
  Queue EP 81 with 512 bytes ... 
OK
[:1] on EP 85 with 94 bytes: OK
  CDC xfer callback
tuh_cdc_rx_cb callback with idx=2
[1] Claimed EP 0x85
  Queue EP 85 with 512 bytes ... 
OK
rldr
Hello Worldr
Hello Worldr
Hello Worldr
Hello Worldr
Hello Worldr
Hello World: OK
  CDC xfer callback
[1] Claimed EP 0x81
  Queue EP 81 with 512 bytes ... 
OK
[:1] on EP 85 with 94 bytes: OK
  CDC xfer callback
tuh_cdc_rx_cb callback with idx=2
[1] Claimed EP 0x85
  Queue EP 85 with 512 bytes ... 
OK
ldr
Hello Worldr
Hello Worldr
Hello Worldr
Hello Worldr
Hellon EP 81 with 2 bytes: OK
  CDC xfer callback
[1] Claimed EP 0x81
  Queue EP 81 with 512 bytes ... 
OK
[:1] on EP 85 with 94 bytes: OK
  CDC xfer callback
tuh_cdc_rx_cb callback with idx=2
[1] Claimed EP 0x85
  Queue EP 85 with 512 bytes ... 
OK
dr
Hello Worldr
Hello Worldr
Hello Worldr
Hello Worldr
Helloon EP 81 with 2 bytes: OK
  CDC xfer callback
[1] Claimed EP 0x81
  Queue EP 81 with 512 bytes ... 
OK
[:1] on EP 85 with 94 bytes: OK
  CDC xfer callback
tuh_cdc_rx_cb callback with idx=2
[1] Claimed EP 0x85
  Queue EP 85 with 512 bytes ... 
OK
r
Hello Worldr
Hello World ... 
OK
[:1] on EP 85 with 94 bytes: OK
  CDC xfer callback
tuh_cdc_rx_cb callback with idx=2
[1] Claimed EP 0x85
  Queue EP 85 with 512 bytes ... 
OK

Hello Worldr
Hello Worldr
Hello Worldr
Hello Worldr
Hello Worldr
Hello Worldr
HeEP 83 with 2 bytes: OK
  CDC xfer callback
[1] Claimed EP 0x83
512 bytes ... 
OK
[:1] on EP 85 with 94 bytes: OK
  CDC xfer callback
tuh_cdc_rx_cb callback with idx=2
[1] Claimed EP 0x85
  Queue EP 85 with 512 bytes ... 
OK
Hello Worldr
Hello Worldr
Hello Worldr
Hello Worldr
Hello Worldr
Hello Worldr
Hels: OK
  CDC xfer callback
[1] Claimed EP 0x81
  Queue EP 81 with 512 bytes ... 
OK
[:1] on EP 85 with 95 bytes: OK
  CDC xfer callback
tuh_cdc_rx_cb callback with idx=2
[1] Claimed EP 0x85
  Queue EP 85 with 512 bytes ... 
OK
ello Worldr
Hello Worldr
Hello Worldr
Hello Worldr
Hello Worldr
Hello Worldr
Helles: OK
  CDC xfer callback
[1] Claimed EP 0x81
  Queue EP 81 with 512 bytes ... 
OK
[:1] on EP 85 with 94 bytes: OK
  CDC xfer callback
tuh_cdc_rx_cb callback with idx=2
[1] Claimed EP 0x85
  Queue EP 85 with 512 bytes ... 
OK
lo Worldr
Hello Worldr
Hello Worldr
Hello Worldr
Hello Worldr
Hello Worldr
Hello : OK
  CDC xfer callback
[1] Claimed EP 0x81
  Queue EP 81 with 512 bytes ... 
OK
[:1] on EP 85 with 94 bytes: OK
  CDC xfer callback
tuh_cdc_rx_cb callback with idx=2
[1] Claimed EP 0x85
  Queue EP 85 with 512 bytes ... 
OK
o Worldr
Hello Worldr
Hello Worldr
Hello Worldr
Hello Worldr on EP 81 with 2 bytes: OK
  CDC xfer callback
[1] Claimed EP 0x81
  Queue EP 81 with 512 bytes ... 
OK
[:1] on EP 85 with 94 bytes: OK
  CDC xfer callback
tuh_cdc_rx_cb callback with idx=2
[1] Claimed EP 0x85
[:1] on EP 87 with 2 bytes: OK
  CDC xfer callback
[1] Claimed EP 0x87
  Queue EP 87 with 512 bytes ... 
OK
2 bytes: OK
  CDC xfer callback
[1] Claimed EP 0x81
  Queue EP 81 with 512 bytes ... 
OK
[:1] on EP 85 with 94 bytes: OK
  CDC xfer callback
eo Worldr
Hello Worldr
Hello Worldr
Hello Worldr
Hello W2 bytes: OK
  CDC xfer callback
[1] Claimed EP 0x83
  Queue EP 83 with 512 bytes ... 
OK
[:1] on EP 81 with 2 bytes: OK
  CDC xfer callback
[1] Claimed EP 0x81
  Queue EP 81 with 512 bytes ... 
OK
[:1] on EP 85 with 94 bytes: OK
  CDC xfer callback
 Worldr
Hello Worldr
Hello Worldr
Hello Worldr
Hello Wo[:1] on EP 87 with 2 bytes: OK
  CDC xfer callback
th 512 bytes ... 
OK
[:1] on EP 85 with 94 bytes: OK
  CDC xfer callback
tuh_cdc_rx_cb callback with idx=2
[1] Claimed EP 0x85
  Queue EP 85 with 512 bytes ... 
OK
rldr
Hello Worldr
Hello Worldr
Hello Worldr
Hello Worldr
Hello Worldr
Hello World: OK
  CDC xfer callback
[1] Claimed EP 0x81
  Queue EP 81 with 512 bytes ... 
OK
[:1] on EP 85 with 94 bytes: OK
  CDC xfer callback
tuh_cdc_rx_cb callback with idx=2
[1] Claimed EP 0x85
  Queue EP 85 with 512 bytes ... 
OK
ldr
Hello Worldr
Hello Worldr
Hello Worldr
Hello Worldr
Hello Worldr
Hello Worldr: OK
  CDC xfer callback
[1] Claimed EP 0x81
  Queue EP 81 with 512 bytes ... 
OK
[:1] on EP 85 with 94 bytes: OK
  CDC xfer callback
tuh_cdc_rx_cb callback with idx=2
[1] Claimed EP 0x85
  Queue EP 85 with 512 bytes ... 
OK
dr
Hello Worldr
Hello Worldr
Hello Worldr
Hello Worldr
Hellon EP 81 with 2 bytes: OK
  CDC xfer callback
[1] Claimed EP 0x81
  Queue EP 81 with 512 bytes ... 
OK
[:1] on EP 85 with 95 bytes: OK
  CDC xfer callback
tuh_cdc_rx_cb callback with idx=2
[1] Claimed EP 0x85
  Queue EP 85 with 512 bytes ... 
OK
r
Hello Worldr
Hello Worldr
Hello Worldr
Hello Worldr
Hello on EP 81 with 2 bytes: OK
  CDC xfer callback
[1] Claimed EP 0x81
  Queue EP 81 with 512 bytes ... 
OK
[:1] on EP 85 with 94 bytes: OK
  CDC xfer callback
tuh_cdc_rx_cb callback with idx=2
[1] Claimed EP 0x85
  Queue EP 85 with 512 bytes ... 
OK
Hello Worldr
Hello Worldr
.. 
OK
[:1] on EP 85 with 94 bytes: OK
  CDC xfer callback
tuh_cdc_rx_cb callback with idx=2
[1] Claimed EP 0x85
  Queue EP 85 with 512 bytes ... 
OK
ello Worldr
Hello Worldr
Hello Worldr
Hello Worldr
Hello Worldr
Hello Worldr
Hell EP 83 with 2 bytes: OK
  CDC xfer callback
1
  Queue EP 81 with 512 bytes ... 
OK
[:1] on EP 85 with 94 bytes: OK
  CDC xfer callback
tuh_cdc_rx_cb callback with idx=2
[1] Claimed EP 0x85
  Queue EP 85 with 512 bytes ... 
OK
llo Worldr
Hello Worldr
Hello Worldr
Hello Worldr
Hello Worldr
Hello Worldr
Hellos: OK
  CDC xfer callback
[1] Claimed EP 0x81
  Queue EP 81 with 512 bytes ... 
OK
[:1] on EP 85 with 94 bytes: OK
  CDC xfer callback
tuh_cdc_rx_cb callback with idx=2
[1] Claimed EP 0x85
  Queue EP 85 with 512 bytes ... 
OK
lo Worldr
Hello Worldr
Hello Worldr
Hello Worldr
Hello Worldr
Hello Worldr
Hello : OK
  CDC xfer callback
[1] Claimed EP 0x81
  Queue EP 81 with 512 bytes ... 
OK
[:1] on EP 85 with 94 bytes: OK
  CDC xfer callback
tuh_cdc_rx_cb callback with idx=2
[1] Claimed EP 0x85
  Queue EP 85 with 512 bytes ... 
OK
o Worldr
Hello Worldr
Hello Worldr
Hello Worldr
Hello Worldr
Hello Worldr
Hello W: OK
  CDC xfer callback
[1] Claimed EP 0x81
  Queue EP 81 with 512 bytes ... 
OK
[:1] on EP 85 with 94 bytes: OK
  CDC xfer callback
tuh_cdc_rx_cb callback with idx=2
[1] Claimed EP 0x85
  Queue EP 85 with 512 bytes ... 
OK
 Worldr
Hello Worldr
Hello Worldr
Hello Worldr
Hello Worldr
 on EP 81 with 2 bytes: OK
  CDC xfer callback
[1] Claimed EP 0x81
  Queue EP 81 with 512 bytes ... 
OK
[:1] on EP 85 with 94 bytes: OK
  CDC xfer callback
tuh_cdc_rx_cb callback with idx=2
[1] Claimed EP 0x85
  Queue EP 85 with 512 bytes ... 
OK
Worldr
Hello Worldr
Hello Worldr
Hello Worldr
Hello Worldr
HellEP 81 with 2 bytes: OK
  CDC xfer callback
[1] Claimed EP 0x81
  Queue EP 81 with 512 bytes ... 
OK
[:1] on EP 85 with 95 bytes: OK
  CDC xfer callback
tuh_cdc_rx_cb callback with idx=2
Hello Worldr
Hello Wor[:1] on EP 87 with 2 bytes: OK
  CDC xfer callback
[1] Claimed EP 0x87

[:1] on EP 85 with 94 bytes: OK
  CDC xfer callback
tuh_cdc_rx_cb callback with idx=2
[1] Claimed EP 0x85
  Queue EP 85 with 512 bytes ... 
OK
ldr
Hello Worldr
Hello Worldr
Hello Worldr
Hello Worldr
Hello Worldr
Hello Worldr EP 83 with 2 bytes: OK
  CDC xfer callback
[1] Claimed EP 0x83
  Queue EP 83 with 512 bytes ... 
OK
[:1] on EP 81 with 2 bytes: OK
  CDC xfer callback
[1] Claimed EP 0x81
  Queue EP 81 with 512 bytes ... 
OK
[:1] on EP 85 with 94 bytes: OK
  CDC xfer callback
tuh_cdc_rx_cb callback with idx=2
[1] Claimed EP 0x85
 xfer callback
[1] Claimed EP 0x81
  Queue EP 81 with 512 bytes ... 
OK
[:1] on EP 85 with 94 bytes: OK
  CDC xfer callback
tuh_cdc_rx_cb callback with idx=2
[1] Claimed EP 0x85
  Queue EP 85 with 512 bytes ... 
OK
r
Hello Worldr
Hello Worldr
Hello Worldr
Hello Worldr
Hello Worldr
Hello Worldr
H: OK
  CDC xfer callback
[1] Claimed EP 0x81
  Queue EP 81 with 512 bytes ... 
OK
[:1] on EP 85 with 94 bytes: OK
  CDC xfer callback
tuh_cdc_rx_cb callback with idx=2
[1] Claimed EP 0x85
  Queue EP 85 with 512 bytes ... 
OK

Hello Worldr
Hello Worldr
Hello Worldr
Hello Worldr
Hello Worldr
Hello Worldr
He: OK
  CDC xfer callback
[1] Claimed EP 0x81
  Queue EP 81 with 512 bytes ... 
OK
[:1] on EP 85 with 94 bytes: OK
  CDC xfer callback
tuh_cdc_rx_cb callback with idx=2
[1] Claimed EP 0x85
  Queue EP 85 with 512 bytes ... 
OK
Hello Worldr
Hello Worldr
Hello Worldr
Hello Worldr
Hello Wo on EP 81 with 2 bytes: OK
  CDC xfer callback
[1] Claimed EP 0x81
  Queue EP 81 with 512 bytes ... 
OK
[:1] on EP 85 with 94 bytes: OK
  CDC xfer callback
tuh_cdc_rx_cb callback with idx=2
[1] Claimed EP 0x85
  Queue EP 85 with 512 bytes ... 
OK
ello Worldr
Hello Worldr
H ... 
OK
[:1] on EP 85 with 94 bytes: OK
  CDC xfer callback
tuh_cdc_rx_cb callback with idx=2
[1] Claimed EP 0x85
  Queue EP 85 with 512 bytes ... 
OK
llo Worldr
Hello Worldr
Hello Worldr
Hello Worldr
Hello Worldr
Hello Worldr
HelloEP 83 with 2 bytes: OK
  CDC xfer callback
[1] Claimed EP 0x83
 512 bytes ... 
OK
[:1] on EP 85 with 95 bytes: OK
  CDC xfer callback
tuh_cdc_rx_cb callback with idx=2
[1] Claimed EP 0x85
  Queue EP 85 with 512 bytes ... 
OK
lo Worldr
Hello Worldr
Hello Worldr
Hello Worldr
Hello Worldr
Hello Worldr
Hello n EP 83 with 2 bytes: OK
  CDC xfer callback
[1] Claimed EP 0x83
  Queue EP 83 with 512 bytes ... 
OK
[:1] on EP 81 with 2 bytes: OK
  CDC xfer callback
[1] Claimed EP 0x81
  Queue EP 81 with 512 bytes ... 
OK
 bytes ... 
OK
 Worldr
Hello Worldr
Hello Worldr
Hello Worldr
Hello Worldr
Hello Worldr
Hello Worldr
Hel  CDC xfer callback
[1] Claimed EP 0x81
  Queue EP 81 with 512 bytes ... 
OK
[:1] on EP 85 with 94 bytes: OK
  CDC xfer callback
tuh_cdc_rx_cb callback with idx=2
[1] Claimed EP 0x85
  Queue EP 85 with 512 bytes ... 
OK
Worldr
Hello Worldr
Hello Worldr
Hello Worldr
Hello Worldr
Hello Worldr
Hello Wor OK
  CDC xfer callback
[1] Claimed EP 0x81
  Queue EP 81 with 512 bytes ... 
OK
[:1] on EP 85 with 94 bytes: OK
  CDC xfer callback
tuh_cdc_rx_cb callback with idx=2
[1] Claimed EP 0x85
  Queue EP 85 with 512 bytes ... 
OK
orldr
Hello Worldr
Hello Worldr
Hello Worldr
Hello Worldr
He on EP 81 with 2 bytes: OK
  CDC xfer callback
[1] Claimed EP 0x81
  Queue EP 81 with 512 bytes ... 
OK
[:1] on EP 85 with 94 bytes: OK
  CDC xfer callback
tuh_cdc_rx_cb callback with idx=2
[1] Claimed EP 0x85
[:1] on EP 87 with 2 bytes: OK
  CDC xfer callback
[1] Claimed EP 0x87
  Queue EP 87 with 512 bytes ... 
OK
2 bytes: OK
  CDC xfer callback
[1] Claimed EP 0x81
  Queue EP 81 with 512 bytes ... 
OK
[:1] on EP 85 with 94 bytes: OK
  CDC xfer callback
tuh_cdc_rx_cb callback with idx=2
[1] Claimed EP 0x85
 2 bytes: OK
  CDC xfer callback
[1] Claimed EP 0x83
 512 bytes ... 
OK
[:1] on EP 85 with 94 bytes: OK
  CDC xfer callback
tuh_cdc_rx_cb callback with idx=2
[1] Claimed EP 0x85
  Queue EP 85 with 512 bytes ... 
OK
dr
Hello Worldr
Hello Worldr
Hello Worldr
Hello Worldr
Hello Worldr
Hello Worldr
 EP 83 with 2 bytes: OK
  CDC xfer callback
[1] Claimed EP 0x83
  Queue EP 83 with 512 bytes ... 
OK
[:1] on EP 81 with 2 bytes: OK
  CDC xfer callback
[1] Claimed EP 0x81
  Queue EP 81 with 512 bytes ... 
OK
bytes ... 
OK
r
Hello Worldr
Hello Worldr
Hello Worldr
Hello Worldr
Hello Worldr
Hello Worldr
Hello Worldrxfer callback
[1] Claimed EP 0x81
  Queue EP 81 with 512 bytes ... 
OK
[:1] on EP 85 with 94 bytes: OK
  CDC xfer callback
tuh_cdc_rx_cb callback with idx=2
[1] Claimed EP 0x85
  Queue EP 85 with 512 bytes ... 
OK

Hello Worldr
Hello Worldr
Hello Worldr
Hello Worldr
Hello Worldr
Hello Worldr
He OK
  CDC xfer callback
[1] Claimed EP 0x81
  Queue EP 81 with 512 bytes ... 
OK
[:1] on EP 85 with 95 bytes: OK
  CDC xfer callback
tuh_cdc_rx_cb callback with idx=2
[1] Claimed EP 0x85
  Queue EP 85 with 512 bytes ... 
OK
Hello Worldr
Hello Worldr
Hello Worldr
Hello Worldr
Hello Worldr
Hello Worldr
Hels: OK
  CDC xfer callback
[1] Claimed EP 0x81
  Queue EP 81 with 512 bytes ... 
OK
[:1] on EP 85 with 94 bytes: OK
  CDC xfer callback
tuh_cdc_rx_cb callback with idx=2
[1] Claimed EP 0x85
  Queue EP 85 with 512 bytes ... 
OK
llo Worldr
Hello Worldr
Hello Worldr
Hello Worldr
Hello Worl on EP 81 with 2 bytes: OK
  CDC xfer callback
[1] Claimed EP 0x81
  Queue EP 81 with 512 bytes ... 
OK
[:1] on EP 85 with 94 bytes: OK
  CDC xfer callback
tuh_cdc_rx_cb callback with idx=2
[1] Claimed EP 0x85
  Queue EP 85 with 512 bytes ... 
OK
lo Worldr
Hello Worldr
Hel ... 
OK
[:1] on EP 85 with 94 bytes: OK
  CDC xfer callback
tuh_cdc_rx_cb callback with idx=2
[1] Claimed EP 0x85
  Queue EP 85 with 512 bytes ... 
OK
o Worldr
Hello Worldr
Hello Worldr
Hello Worldr
Hello Worldr
Hello Worldr
Hello W EP 83 with 2 bytes: OK
  CDC xfer callback
[1] Claimed EP 0x83
 512 bytes ... 
OK
[:1] on EP 85 with 94 bytes: OK
  CDC xfer callback
tuh_cdc_rx_cb callback with idx=2
[1] Claimed EP 0x85
  Queue EP 85 with 512 bytes ... 
OK
 Worldr
Hello Worldr
Hello Worldr
Hello Worldr
Hello Worldr
Hello Worldr
Hello Wos: OK
  CDC xfer callback
[1] Claimed EP 0x81
  Queue EP 81 with 512 bytes ... 
OK
[:1] on EP 85 with 94 bytes: OK
  CDC xfer callback
tuh_cdc_rx_cb callback with idx=2
[1] Claimed EP 0x85
  Queue EP 85 with 512 bytes ... 
OK
Worldr
Hello Worldr
Hello Worldr
Hello Worldr
Hello Worldr
Hello Worldr
Hello Wor: OK
  CDC xfer callback
[1] Claimed EP 0x81
  Queue EP 81 with 512 bytes ... 
OK
[:1] on EP 85 with 94 bytes: OK
  CDC xfer callback
tuh_cdc_rx_cb callback with idx=2
[1] Claimed EP 0x85
  Queue EP 85 with 512 bytes ... 
OK
orldr
Hello Worldr
Hello Worldr
Hello Worldr
Hello Worldr
Hello Worldr
Hello Worl: OK
  CDC xfer callback
[1] Claimed EP 0x81
  Queue EP 81 with 512 bytes ... 
OK
[:1] on EP 85 with 94 bytes: OK
  CDC xfer callback
tuh_cdc_rx_cb callback with idx=2
[1] Claimed EP 0x85
  Queue EP 85 with 512 bytes ... 
OK
rldr
Hello Worldr
Hello Worldr
Hello Worldr
Hello Worldr
Helon EP 81 with 2 bytes: OK
  CDC xfer callback
[1] Claimed EP 0x81
  Queue EP 81 with 512 bytes ... 
OK
[:1] on EP 85 with 95 bytes: OK
  CDC xfer callback
tuh_cdc_rx_cb callback with idx=2
llo Worldr
Hello World[:1] on EP 87 with 2 bytes: OK
  CDC xfer callback
[1] Claimed EP 0x87
K
[:1] on EP 85 with 94 bytes: OK
  CDC xfer callback
tuh_cdc_rx_cb callback with idx=2
[1] Claimed EP 0x85
  Queue EP 85 with 512 bytes ... 
OK
r
Hello Worldr
Hello Worldr
Hello Worldr
Hello Worldr
Hello Worldr
Hello Worldr
Hello Worldr[:1] on EP 87 with 2 bytes: OK
  CDC xfer callback
[1] Claimed EP 0x87
  Queue EP 87 with 512 bytes ... 
with 2 bytes: OK
  CDC xfer callback
[1] Claimed EP 0x81
  Queue EP 81 with 512 bytes ... 
OK
[:1] on EP 85 with 94 bytes: OK
  CDC xfer callback
dr
Hello Worldr
Hello Worldr
Hello Worldr
Hello Worldr
[:1] on EP 87 with 2 bytes: OK
  CDC xfer callback
th 512 bytes ... 
OK
[:1] on EP 85 with 94 bytes: OK
  CDC xfer callback
tuh_cdc_rx_cb callback with idx=2
[1] Claimed EP 0x85
  Queue EP 85 with 512 bytes ... 
OK
Hello Worldr
Hello Worldr
Hello Worldr
Hello Worldr
Hello Worldr
Hello Worldr
Hels: OK
  CDC xfer callback
[1] Claimed EP 0x81
  Queue EP 81 with 512 bytes ... 
OK
[:1] on EP 85 with 94 bytes: OK
  CDC xfer callback
tuh_cdc_rx_cb callback with idx=2
[1] Claimed EP 0x85
  Queue EP 85 with 512 bytes ... 
OK
ello Worldr
Hello Worldr
Hello Worldr
Hello Worldr
Hello Worldr
Hello Worldr
Hell OK
  CDC xfer callback
[1] Claimed EP 0x81
  Queue EP 81 with 512 bytes ... 
OK
[:1] on EP 85 with 94 bytes: OK
  CDC xfer callback
tuh_cdc_rx_cb callback with idx=2
[1] Claimed EP 0x85
  Queue EP 85 with 512 bytes ... 
OK
llo Worldr
Hello Worldr
Hello Worldr
Hello Worldr
Hello Worldr
Hello Worldr
Hello: OK
  CDC xfer callback
[1] Claimed EP 0x81
  Queue EP 81 with 512 bytes ... 
OK
[:1] on EP 85 with 94 bytes: OK
  CDC xfer callback
tuh_cdc_rx_cb callback with idx=2
[1] Claimed EP 0x85
[:1] on EP 87 with 2 bytes: OK
  CDC xfer callback

  Queue EP 83 with 512 bytes ... 
OK
[:1] on EP 81 with 2 bytes: OK
  CDC xfer callback
[1] Claimed EP 0x81
  Queue EP 81 with 512 bytes ... 
OK
[:1] on EP 85 with 94 bytes: OK
  CDC xfer callback
tuh_cdc_rx_cb callback with idx=2
[1] Claimed EP 0x85
  Queue EP 85 with 512 bytes ... 
OK
o Worldr
Hello Worldr
Hell ... 
OK
[:1] on EP 85 with 95 bytes: OK
  CDC xfer callback
tuh_cdc_rx_cb callback with idx=2
[1] Claimed EP 0x85
  Queue EP 85 with 512 bytes ... 
OK
 Worldr
Hello Worldr
Hello Worldr
Hello Worldr
Hello Worldr
Hello Worldr
Hello Won EP 83 with 2 bytes: OK
  CDC xfer callback
[1] Claimed EP 0x83
  Queue EP 83 with 512 bytes ... 
OK
[:1] on EP 81 with 2 bytes: OK
  CDC xfer callback
[1] Claimed EP 0x81
  Queue EP 81 with 512 bytes ... 
OK
[:1] on EP 85 with 94 bytes: OK
  CDC xfer callback
tuh_cdc_rx_cb callback with idx=2
K
[:1] on EP 83 with 2 bytes: OK
  CDC xfer callback
[1] Claimed EP 0x83
  Queue EP 83 with 512 bytes ... 
OK
[:1] on EP 81 with 2 bytes: OK
  CDC xfer callback
[1] Claimed EP 0x81
  Queue EP 81 with 512 bytes ... 
OK
bytes ... 
OK
rldr
Hello Worldr
Hello Worldr
Hello Worldr
Hello Worldr
Hello Worldr
Hello Worldr
Hello  CDC xfer callback
[1] Claimed EP 0x81
  Queue EP 81 with 512 bytes ... 
OK
[:1] on EP 85 with 94 bytes: OK
  CDC xfer callback
tuh_cdc_rx_cb callback with idx=2
[1] Claimed EP 0x85
  Queue EP 85 with 512 bytes ... 
OK
ldr
Hello Worldr
Hello Worldr
Hello Worldr
Hello Worldr
Hello Worldr
Hello Worldr: OK
  CDC xfer callback
[1] Claimed EP 0x81
  Queue EP 81 with 512 bytes ... 
OK
[:1] on EP 85 with 94 bytes: OK
  CDC xfer callback
tuh_cdc_rx_cb callback with idx=2
[1] Claimed EP 0x85
  Queue EP 85 with 512 bytes ... 
OK
dr
Hello Worldr
Hello Worldr
Hello Worldr
Hello Worldr
Hello on EP 81 with 2 bytes: OK
  CDC xfer callback
[1] Claimed EP 0x81
  Queue EP 81 with 512 bytes ... 
OK
[:1] on EP 85 with 94 bytes: OK
  CDC xfer callback
tuh_cdc_rx_cb callback with idx=2
[1] Claimed EP 0x85
[:1] on EP 87 with 2 bytes: OK
  CDC xfer callback
[1] Claimed EP 0x87
  Queue EP 87 with 512 bytes ... 
OK
2 bytes: OK
  CDC xfer callback
[1] Claimed EP 0x81
  Queue EP 81 with 512 bytes ... 
OK
[:1] on EP 85 with 94 bytes: OK
  CDC xfer callback
dr
Hello Worldr
Hello Worldr
Hello Worldr
Hello Worith 2 bytes: OK
  CDC xfer callback
[1] Claimed EP 0x83
 512 bytes ... 
OK
[:1] on EP 85 with 94 bytes: OK
  CDC xfer callback
tuh_cdc_rx_cb callback with idx=2
[1] Claimed EP 0x85
  Queue EP 85 with 512 bytes ... 
OK
Hello Worldr
Hello Worldr
Hello Worldr
Hello Worldr
Hello Worldr
Hello Worldr
Hel EP 83 with 2 bytes: OK
  CDC xfer callback
[1] Claimed EP 0x83
  Queue EP 83 with 512 bytes ... 
OK
[:1] on EP 81 with 2 bytes: OK
  CDC xfer callback
[1] Claimed EP 0x81
  Queue EP 81 with 512 bytes ... 
OK
 bytes ... 
OK
ello Worldr
Hello Worldr
Hello Worldr
Hello Worldr
Hello Worldr
Hello Worldr
Hello World  CDC xfer callback
[1] Claimed EP 0x81
  Queue EP 81 with 512 bytes ... 
OK
[:1] on EP 85 with 95 bytes: OK
  CDC xfer callback
tuh_cdc_rx_cb callback with idx=2
[1] Claimed EP 0x85
  Queue EP 85 with 512 bytes ... 
OK
llo Worldr
Hello Worldr
Hello Worldr
Hello Worldr
Hello Worldr
Hello Worldr
Hellos: OK
  CDC xfer callback
[1] Claimed EP 0x81
  Queue EP 81 with 512 bytes ... 
OK
[:1] on EP 85 with 94 bytes: OK
  CDC xfer callback
tuh_cdc_rx_cb callback with idx=2
[1] Claimed EP 0x85
  Queue EP 85 with 512 bytes ... 
OK
o Worldr
Hello Worldr
Hello Worldr
Hello Worldr
Hello Worldr on EP 81 with 2 bytes: OK
  CDC xfer callback
[1] Claimed EP 0x81
  Queue EP 81 with 512 bytes ... 
OK
[:1] on EP 85 with 94 bytes: OK
  CDC xfer callback
tuh_cdc_rx_cb callback with idx=2
[1] Claimed EP 0x85
  Queue EP 85 with 512 bytes ... 
OK
 Worldr
Hello Worldr
Hello Worldr
Hello Worldr
Hello Worldr
Hello 81 with 2 bytes: OK
  CDC xfer callback
[1] Claimed EP 0x81
  Queue EP 81 with 512 bytes ... 
OK
[:1] on EP 85 with 94 bytes: OK
  CDC xfer callback
tuh_cdc_rx_cb callback with idx=2
[1] Claimed EP 0x85
  Queue EP 85 with 512 bytes ... 
OK
Worldr
Hello Worldr
Hello ... 
OK
[:1] on EP 85 with 94 bytes: OK
  CDC xfer callback
tuh_cdc_rx_cb callback with idx=2
[1] Claimed EP 0x85
  Queue EP 85 with 512 bytes ... 
OK
orldr
Hello Worldr
Hello Worldr
Hello Worldr
Hello Worldr
Hello Worldr
Hello WorlEP 83 with 2 bytes: OK
  CDC xfer callback
[1] Claimed EP 0x83
  Queue EP 83 with 512 bytes ... 
OK
[:1] on EP 81 with 2 bytes: OK
  CDC xfer callback
[1] Claimed EP 0x81
  Queue EP 81 with 512 bytes ... 
OK
[:1] on EP 85 with 94 bytes: OK
  CDC xfer callback
tuh_cdc_rx_cb callback with idx=2
[1] Claimed EP 0x85
C xfer callback
[1] Claimed EP 0x81
  Queue EP 81 with 512 bytes ... 
OK
[:1] on EP 85 with 94 bytes: OK
  CDC xfer callback
tuh_cdc_rx_cb callback with idx=2
[1] Claimed EP 0x85
  Queue EP 85 with 512 bytes ... 
OK
ldr
Hello Worldr
Hello Worldr
Hello Worldr
Hello Worldr
Hello Worldr
Hello Worldrs: OK
  CDC xfer callback
[1] Claimed EP 0x81
  Queue EP 81 with 512 bytes ... 
OK
[:1] on EP 85 with 94 bytes: OK
  CDC xfer callback
tuh_cdc_rx_cb callback with idx=2
[1] Claimed EP 0x85
  Queue EP 85 with 512 bytes ... 
OK
dr
Hello Worldr
Hello Worldr
Hello Worldr
Hello Worldr
Hello Worldr
Hello Worldr
s: OK
  CDC xfer callback
[1] Claimed EP 0x81
  Queue EP 81 with 512 bytes ... 
OK
[:1] on EP 85 with 95 bytes: OK
  CDC xfer callback
tuh_cdc_rx_cb callback with idx=2
[1] Claimed EP 0x85
  Queue EP 85 with 512 bytes ... 
OK
r
Hello Worldr
Hello Worldr
Hello Worldr
Hello Worldr
Hello on EP 81 with 2 bytes: OK
  CDC xfer callback
[1] Claimed EP 0x81
  Queue EP 81 with 512 bytes ... 
OK
[:1] on EP 85 with 94 bytes: OK
  CDC xfer callback
tuh_cdc_rx_cb callback with idx=2
[1] Claimed EP 0x85
  Queue EP 85 with 512 bytes ... 
OK
Hello Worldr
Hello Worldr
 ... 
OK
[:1] on EP 85 with 94 bytes: OK
  CDC xfer callback
tuh_cdc_rx_cb callback with idx=2
[1] Claimed EP 0x85
  Queue EP 85 with 512 bytes ... 
OK
ello Worldr
Hello Worldr
Hello Worldr
Hello Worldr
Hello Worldr
Hello Worldr
HellEP 83 with 2 bytes: OK
  CDC xfer callback
1
  Queue EP 81 with 512 bytes ... 
OK
[:1] on EP 85 with 94 bytes: OK
  CDC xfer callback
tuh_cdc_rx_cb callback with idx=2
[1] Claimed EP 0x85
  Queue EP 85 with 512 bytes ... 
OK
llo Worldr
Hello Worldr
Hello Worldr
Hello Worldr
Hello Worldr
Hello Worldr
Hello EP 83 with 2 bytes: OK
  CDC xfer callback
[1] Claimed EP 0x83
  Queue EP 83 with 512 bytes ... 
OK
[:1] on EP 81 with 2 bytes: OK
  CDC xfer callback
[1] Claimed EP 0x81
  Queue EP 81 with 512 bytes ... 
OK
bytes ... 
OK
lo Worldr
Hello Worldr
Hello Worldr
Hello Worldr
Hello Worldr
Hello Worldr
Hello Worldr
H  CDC xfer callback
[1] Claimed EP 0x81
  Queue EP 81 with 512 bytes ... 
OK
[:1] on EP 85 with 94 bytes: OK
  CDC xfer callback
tuh_cdc_rx_cb callback with idx=2
[1] Claimed EP 0x85
  Queue EP 85 with 512 bytes ... 
OK
o Worldr
Hello Worldr
Hello Worldr
Hello Worldr
Hello Worldr
Hello Worldr
Hello W OK
  CDC xfer callback
[1] Claimed EP 0x81
  Queue EP 81 with 512 bytes ... 
OK
[:1] on EP 85 with 94 bytes: OK
  CDC xfer callback
tuh_cdc_rx_cb callback with idx=2
[1] Claimed EP 0x85
  Queue EP 85 with 512 bytes ... 
OK
 Worldr
Hello Worldr
Hello Worldr
Hello Worldr
Hello Worldr
on EP 81 with 2 bytes: OK
  CDC xfer callback
[1] Claimed EP 0x81
  Queue EP 81 with 512 bytes ... 
OK
[:1] on EP 85 with 94 bytes: OK
  CDC xfer callback
tuh_cdc_rx_cb callback with idx=2
[1] Claimed EP 0x85
  Queue EP 85 with 512 bytes ... 
OK
Worldr
Hello Worldr
Hello Worldr
Hello Worldr
Hello Worldr
Hel EP 81 with 2 bytes: OK
  CDC xfer callback
[1] Claimed EP 0x81
  Queue EP 81 with 512 bytes ... 
OK
[:1] on EP 85 with 95 bytes: OK
  CDC xfer callback
tuh_cdc_rx_cb callback with idx=2
[1] Claimed EP 0x85
  Queue EP 85 with 512 bytes ... 
OK
orldr
Hello Worldr
Hello W ... 
OK
[:1] on EP 85 with 94 bytes: OK
  CDC xfer callback
tuh_cdc_rx_cb callback with idx=2
[1] Claimed EP 0x85
  Queue EP 85 with 512 bytes ... 
OK
ldr
Hello Worldr
Hello Worldr
Hello Worldr
Hello Worldr
Hello Worldr
Hello Worldr EP 83 with 2 bytes: OK
  CDC xfer callback
[1] Claimed EP 0x83
  Queue EP 83 with 512 bytes ... 
OK
[:1] on EP 81 with 2 bytes: OK
  CDC xfer callback
[1] Claimed EP 0x81
  Queue EP 81 with 512 bytes ... 
OK
[:1] on EP 85 with 94 bytes: OK
  CDC xfer callback
tuh_cdc_rx_cb callback with idx=2
[1] Claimed EP 0x85
 xfer callback
[1] Claimed EP 0x81
  Queue EP 81 with 512 bytes ... 
OK
[:1] on EP 85 with 94 bytes: OK
  CDC xfer callback
tuh_cdc_rx_cb callback with idx=2
[1] Claimed EP 0x85
  Queue EP 85 with 512 bytes ... 
OK
r
Hello Worldr
Hello Worldr
Hello Worldr
Hello Worldr
Hello Worldr
Hello Worldr
H OK
  CDC xfer callback
[1] Claimed EP 0x81
  Queue EP 81 with 512 bytes ... 
OK
[:1] on EP 85 with 94 bytes: OK
  CDC xfer callback
tuh_cdc_rx_cb callback with idx=2
[1] Claimed EP 0x85
  Queue EP 85 with 512 bytes ... 
OK

Hello Worldr
Hello Worldr
Hello Worldr
Hello Worldr
Hello Worldr
Hello Worldr
He: OK
  CDC xfer callback
[1] Claimed EP 0x81
  Queue EP 81 with 512 bytes ... 
OK
[:1] on EP 85 with 94 bytes: OK
  CDC xfer callback
tuh_cdc_rx_cb callback with idx=2
[1] Claimed EP 0x85
  Queue EP 85 with 512 bytes ... 
OK
Hello Worldr
Hello Worldr
Hello Worldr
Hello Worldr
Hello Wo on EP 81 with 2 bytes: OK
  CDC xfer callback
[1] Claimed EP 0x81
  Queue EP 81 with 512 bytes ... 
OK
[:1] on EP 85 with 94 bytes: OK
  CDC xfer callback
tuh_cdc_rx_cb callback with idx=2
[1] Claimed EP 0x85
  Queue EP 85 with 512 bytes ... 
OK
ello Worldr
Hello Worldr
H ... 
OK
[:1] on EP 85 with 94 bytes: OK
  CDC xfer callback
tuh_cdc_rx_cb callback with idx=2
[1] Claimed EP 0x85
  Queue EP 85 with 512 bytes ... 
OK
llo Worldr
Hello Worldr
Hello Worldr
Hello Worldr
Hello Worldr
Hello Worldr
Hello EP 83 with 2 bytes: OK
  CDC xfer callback
1
  Queue EP 81 with 512 bytes ... 
OK
[:1] on EP 85 with 94 bytes: OK
  CDC xfer callback
tuh_cdc_rx_cb callback with idx=2
[1] Claimed EP 0x85
  Queue EP 85 with 512 bytes ... 
OK
lo Worldr
Hello Worldr
Hello Worldr
Hello Worldr
Hello Worldr
Hello Worldr
Hello  EP 83 with 2 bytes: OK
  CDC xfer callback
[1] Claimed EP 0x83
  Queue EP 83 with 512 bytes ... 
OK
[:1] on EP 81 with 2 bytes: OK
  CDC xfer callback
[1] Claimed EP 0x81
  Queue EP 81 with 512 bytes ... 
OK
bytes ... 
OK
o Worldr
Hello Worldr
Hello Worldr
Hello Worldr
Hello Worldr
Hello Worldr
Hello Worldr
Hello  xfer callback
[1] Claimed EP 0x81
  Queue EP 81 with 512 bytes ... 
OK
[:1] on EP 85 with 94 bytes: OK
  CDC xfer callback
tuh_cdc_rx_cb callback with idx=2
[1] Claimed EP 0x85
  Queue EP 85 with 512 bytes ... 
OK
Worldr
Hello Worldr
Hello Worldr
Hello Worldr
Hello Worldr
Hello Worldr
Hello Wor OK
  CDC xfer callback
[1] Claimed EP 0x81
  Queue EP 81 with 512 bytes ... 
OK
[:1] on EP 85 with 94 bytes: OK
  CDC xfer callback
tuh_cdc_rx_cb callback with idx=2
[1] Claimed EP 0x85
  Queue EP 85 with 512 bytes ... 
OK
orldr
Hello Worldr
Hello Worldr
Hello Worldr
Hello Worldr
Hello Worldr
Hello Worl: OK
  CDC xfer callback
[1] Claimed EP 0x81
  Queue EP 81 with 512 bytes ... 
OK
[:1] on EP 85 with 94 bytes: OK
  CDC xfer callback
tuh_cdc_rx_cb callback with idx=2
[1] Claimed EP 0x85
  Queue EP 85 with 512 bytes ... 
OK
rldr
Hello Worldr
Hello Worldr
Hello Worldr
Hello Worldr
Heln EP 81 with 2 bytes: OK
  CDC xfer callback
[1] Claimed EP 0x81
  Queue EP 81 with 512 bytes ... 
OK
[:1] on EP 85 with 94 bytes: OK
  CDC xfer callback
tuh_cdc_rx_cb callback with idx=2
[1] Claimed EP 0x85
  Queue EP 85 with 512 bytes ... 
OK
ldr
Hello Worldr
Hello Wors ... 
OK
[:1] on EP 85 with 94 bytes: OK
  CDC xfer callback
tuh_cdc_rx_cb callback with idx=2
[1] Claimed EP 0x85
  Queue EP 85 with 512 bytes ... 
OK
dr
Hello Worldr
Hello Worldr
Hello Worldr
Hello Worldr
Hello Worldr
Hello Worldr
 EP 83 with 2 bytes: OK
  CDC xfer callback
[1] Claimed EP 0x83
 512 bytes ... 
OK
[:1] on EP 85 with 94 bytes: OK
  CDC xfer callback
tuh_cdc_rx_cb callback with idx=2
[1] Claimed EP 0x85
  Queue EP 85 with 512 bytes ... 
OK
r
Hello Worldr
Hello Worldr
Hello Worldr
Hello Worldr
Hello Worldr
Hello Worldr
Hs: OK
  CDC xfer callback
[1] Claimed EP 0x81
  Queue EP 81 with 512 bytes ... 
OK
[:1] on EP 85 with 94 bytes: OK
  CDC xfer callback
tuh_cdc_rx_cb callback with idx=2
[1] Claimed EP 0x85
  Queue EP 85 with 512 bytes ... 
OK

Hello Worldr
Hello Worldr
Hello Worldr
Hello Worldr
Hello Worldr
Hello Worldr
He: OK
  CDC xfer callback
[1] Claimed EP 0x81
  Queue EP 81 with 512 bytes ... 
OK
[:1] on EP 85 with 95 bytes: OK
  CDC xfer callback
tuh_cdc_rx_cb callback with idx=2
[1] Claimed EP 0x85
  Queue EP 85 with 512 bytes ... 
OK
Hello Worldr
Hello Worldr
Hello Worldr
Hello Worldr
Hello Worldr
Hello Worldr
Hels: OK
  CDC xfer callback
[1] Claimed EP 0x81
  Queue EP 81 with 512 bytes ... 
OK
[:1] on EP 85 with 94 bytes: OK
  CDC xfer callback
tuh_cdc_rx_cb callback with idx=2
[1] Claimed EP 0x85
  Queue EP 85 with 512 bytes ... 
OK
llo Worldr
Hello Worldr
Hello Worldr
Hello Worldr
Hello Worlon EP 81 with 2 bytes: OK
  CDC xfer callback
[1] Claimed EP 0x81
  Queue EP 81 with 512 bytes ... 
OK
[:1] on EP 85 with 94 bytes: OK
  CDC xfer callback
tuh_cdc_rx_cb callback with idx=2
[1] Claimed EP 0x85
[:1] on EP 87 with 2 bytes: OK
  CDC xfer callback
[1] Claimed EP 0x87
  Queue EP 87 with 512 bytes ... 
OK
2 bytes: OK
  CDC xfer callback
[1] Claimed EP 0x81
  Queue EP 81 with 512 bytes ... 
OK
[:1] on EP 85 with 94 bytes: OK
  CDC xfer callback
tuh_cdc_rx_cb callback with idx=2
[1] Claimed EP 0x85
 2 bytes: OK
  CDC xfer callback
[1] Claimed EP 0x83
  Queue EP 83 with 512 bytes ... 
OK
[:1] on EP 81 with 2 bytes: OK
  CDC xfer callback
[1] Claimed EP 0x81
  Queue EP 81 with 512 bytes ... 
OK
[:1] on EP 85 with 94 bytes: OK
  CDC xfer callback
tuh_cdc_rx_cb callback with idx=2
K
[:1] on EP 83 with 2 bytes: OK
  CDC xfer callback
[1] Claimed EP 0x83
  Queue EP 83 with 512 bytes ... 
OK
[:1] on EP 81 with 2 bytes: OK
  CDC xfer callback
[1] Claimed EP 0x81
  Queue EP 81 with 512 bytes ... 
OK
 bytes ... 
OK
Worldr
Hello Worldr
Hello Worldr
Hello Worldr
Hello Worldr
Hello Worldr
Hello Worldr
Hello WC xfer callback
[1] Claimed EP 0x81
  Queue EP 81 with 512 bytes ... 
OK
[:1] on EP 85 with 94 bytes: OK
  CDC xfer callback
tuh_cdc_rx_cb callback with idx=2
[1] Claimed EP 0x85
  Queue EP 85 with 512 bytes ... 
OK
orldr
Hello Worldr
Hello Worldr
Hello Worldr
Hello Worldr
Hello Worldr
Hello Worl: OK
  CDC xfer callback
[1] Claimed EP 0x81
  Queue EP 81 with 512 bytes ... 
OK
[:1] on EP 85 with 94 bytes: OK
  CDC xfer callback
tuh_cdc_rx_cb callback with idx=2
[1] Claimed EP 0x85
  Queue EP 85 with 512 bytes ... 
OK
rldr
Hello Worldr
Hello Worldr
Hello Worldr
Hello Worldr
Helon EP 81 with 2 bytes: OK
  CDC xfer callback
[1] Claimed EP 0x81
  Queue EP 81 with 512 bytes ... 
OK
[:1] on EP 85 with 95 bytes: OK
  CDC xfer callback
tuh_cdc_rx_cb callback with idx=2
[1] Claimed EP 0x85
d[:1] on EP 87 with 2 bytes: OK
  CDC xfer callback
[1] Claimed EP 0x87
  Queue EP 87 with 512 bytes ... 
OK
 2 bytes: OK
  CDC xfer callback
[1] Claimed EP 0x81
  Queue EP 81 with 512 bytes ... 
OK
[:1] on EP 85 with 94 bytes: OK
  CDC xfer callback
ldr
Hello Worldr
Hello Worldr
Hello Worldr
Hello Worth 2 bytes: OK
  CDC xfer callback
[1] Claimed EP 0x83
 512 bytes ... 
OK
[:1] on EP 85 with 94 bytes: OK
  CDC xfer callback
tuh_cdc_rx_cb callback with idx=2
[1] Claimed EP 0x85
  Queue EP 85 with 512 bytes ... 
OK

Hello Worldr
Hello Worldr
Hello Worldr
Hello Worldr
Hello Worldr
Hello Worldr
He EP 83 with 2 bytes: OK
  CDC xfer callback
[1] Claimed EP 0x83
  Queue EP 83 with 512 bytes ... 
OK
[:1] on EP 81 with 2 bytes: OK
  CDC xfer callback
[1] Claimed EP 0x81
  Queue EP 81 with 512 bytes ... 
OK
 bytes ... 
OK
Hello Worldr
Hello Worldr
Hello Worldr
Hello Worldr
Hello Worldr
Hello Worldr
Hello Worldr
H xfer callback
[1] Claimed EP 0x81
  Queue EP 81 with 512 bytes ... 
OK
[:1] on EP 85 with 94 bytes: OK
  CDC xfer callback
tuh_cdc_rx_cb callback with idx=2
[1] Claimed EP 0x85
  Queue EP 85 with 512 bytes ... 
OK
ello Worldr
Hello Worldr
Hello Worldr
Hello Worldr
Hello Worldr
Hello Worldr
Hell: OK
  CDC xfer callback
[1] Claimed EP 0x81
  Queue EP 81 with 512 bytes ... 
OK
[:1] on EP 85 with 94 bytes: OK
  CDC xfer callback
tuh_cdc_rx_cb callback with idx=2
[1] Claimed EP 0x85
  Queue EP 85 with 512 bytes ... 
OK
llo Worldr
Hello Worldr
Hello Worldr
Hello Worldr
Hello Worln EP 81 with 2 bytes: OK
  CDC xfer callback
[1] Claimed EP 0x81
  Queue EP 81 with 512 bytes ... 
OK
[:1] on EP 85 with 94 bytes: OK
  CDC xfer callback
tuh_cdc_rx_cb callback with idx=2
[1] Claimed EP 0x85
  Queue EP 85 with 512 bytes ... 
OK
lo Worldr
Hello Worldr
Hello Worldr
Hello Worldr
Hello World on EP 81 with 2 bytes: OK
  CDC xfer callback
[1] Claimed EP 0x81
  Queue EP 81 with 512 bytes ... 
OK
[:1] on EP 85 with 94 bytes: OK
  CDC xfer callback
tuh_cdc_rx_cb callback with idx=2
[1] Claimed EP 0x85
  Queue EP 85 with 512 bytes ... 
OK
o Worldr
Hello Worldr
Hell.. 
OK
[:1] on EP 85 with 95 bytes: OK
  CDC xfer callback
tuh_cdc_rx_cb callback with idx=2
[1] Claimed EP 0x85
  Queue EP 85 with 512 bytes ... 
OK
 Worldr
Hello Worldr
Hello Worldr
Hello Worldr
Hello Worldr
Hello Worldr
Hello Won EP 83 with 2 bytes: OK
  CDC xfer callback
[1] Claimed EP 0x83
 512 bytes ... 
OK
[:1] on EP 85 with 94 bytes: OK
  CDC xfer callback
tuh_cdc_rx_cb callback with idx=2
[1] Claimed EP 0x85
  Queue EP 85 with 512 bytes ... 
OK
orldr
Hello Worldr
Hello Worldr
Hello Worldr
Hello Worldr
Hello Worldr
Hello Worl: OK
  CDC xfer callback
[1] Claimed EP 0x81
  Queue EP 81 with 512 bytes ... 
OK
[:1] on EP 85 with 94 bytes: OK
  CDC xfer callback
tuh_cdc_rx_cb callback with idx=2
[1] Claimed EP 0x85
  Queue EP 85 with 512 bytes ... 
OK
rldr
Hello Worldr
Hello Worldr
Hello Worldr
Hello Worldr
Hello Worldr
Hello World: OK
  CDC xfer callback
[1] Claimed EP 0x81
  Queue EP 81 with 512 bytes ... 
OK
[:1] on EP 85 with 94 bytes: OK
  CDC xfer callback
tuh_cdc_rx_cb callback with idx=2
[1] Claimed EP 0x85
  Queue EP 85 with 512 bytes ... 
OK
ldr
Hello Worldr
Hello Worldr
Hello Worldr
Hello Worldr
Hello Worldr
Hello Worldrs: OK
  CDC xfer callback
[1] Claimed EP 0x81
  Queue EP 81 with 512 bytes ... 
OK
[:1] on EP 85 with 94 bytes: OK
  CDC xfer callback
tuh_cdc_rx_cb callback with idx=2
[1] Claimed EP 0x85
  Queue EP 85 with 512 bytes ... 
OK
dr
Hello Worldr
Hello Worldr
Hello Worldr
Hello Worldr
Helloon EP 81 with 2 bytes: OK
  CDC xfer callback
[1] Claimed EP 0x81
  Queue EP 81 with 512 bytes ... 
OK
[:1] on EP 85 with 94 bytes: OK
  CDC xfer callback
tuh_cdc_rx_cb callback with idx=2
o Worldr
Hello Worldr[:1] on EP 87 with 2 bytes: OK
  CDC xfer callback
[1] Claimed EP 0x87

[:1] on EP 85 with 94 bytes: OK
  CDC xfer callback
tuh_cdc_rx_cb callback with idx=2
[1] Claimed EP 0x85
  Queue EP 85 with 512 bytes ... 
OK

Hello Worldr
Hello Worldr
Hello Worldr
Hello Worldr
Hello Worldr
Hello Worldr
Hello Worldr
[:1] on EP 87 with 2 bytes: OK
  CDC xfer callback
[1] Claimed EP 0x87
  Queue EP 87 with 512 bytes ... 
Oth 2 bytes: OK
  CDC xfer callback
[1] Claimed EP 0x81
  Queue EP 81 with 512 bytes ... 
OK
[:1] on EP 85 with 94 bytes: OK
  CDC xfer callback
r
Hello Worldr
Hello Worldr
Hello Worldr
Hello Worldr
H[:1] on EP 87 with 2 bytes: OK
  CDC xfer callback
th 512 bytes ... 
OK
[:1] on EP 85 with 94 bytes: OK
  CDC xfer callback
tuh_cdc_rx_cb callback with idx=2
[1] Claimed EP 0x85
  Queue EP 85 with 512 bytes ... 
OK
ello Worldr
Hello Worldr
Hello Worldr
Hello Worldr
Hello Worldr
Hello Worldr
Hell: OK
  CDC xfer callback
[1] Claimed EP 0x81
  Queue EP 81 with 512 bytes ... 
OK
[:1] on EP 85 with 95 bytes: OK
  CDC xfer callback
tuh_cdc_rx_cb callback with idx=2
[1] Claimed EP 0x85
  Queue EP 85 with 512 bytes ... 
OK
llo Worldr
Hello Worldr
Hello Worldr
Hello Worldr
Hello Worldr
Hello Worldr
Hellos: OK
  CDC xfer callback
[1] Claimed EP 0x81
  Queue EP 81 with 512 bytes ... 
OK
[:1] on EP 85 with 94 bytes: OK
  CDC xfer callback
tuh_cdc_rx_cb callback with idx=2
[1] Claimed EP 0x85
  Queue EP 85 with 512 bytes ... 
OK
o Worldr
Hello Worldr
Hello Worldr
Hello Worldr
Hello Worldr
Hello Worldr
Hello W: OK
  CDC xfer callback
[1] Claimed EP 0x81
  Queue EP 81 with 512 bytes ... 
OK
[:1] on EP 85 with 94 bytes: OK
  CDC xfer callback
tuh_cdc_rx_cb callback with idx=2
[1] Claimed EP 0x85
  Queue EP 85 with 512 bytes ... 
OK
 Worldr
Hello Worldr
Hello Worldr
Hello Worldr
Hello Worldr
on EP 81 with 2 bytes: OK
  CDC xfer callback
[1] Claimed EP 0x81
  Queue EP 81 with 512 bytes ... 
OK
[:1] on EP 85 with 94 bytes: OK
  CDC xfer callback
tuh_cdc_rx_cb callback with idx=2
[1] Claimed EP 0x85
  Queue EP 85 with 512 bytes ... 
OK
Worldr
Hello Worldr
Hello  ... 
OK
[:1] on EP 85 with 94 bytes: OK
  CDC xfer callback
tuh_cdc_rx_cb callback with idx=2
[1] Claimed EP 0x85
  Queue EP 85 with 512 bytes ... 
OK
orldr
Hello Worldr
Hello Worldr
Hello Worldr
Hello Worldr
Hello Worldr
Hello WorlEP 83 with 2 bytes: OK
  CDC xfer callback
1
  Queue EP 81 with 512 bytes ... 
OK
[:1] on EP 85 with 94 bytes: OK
  CDC xfer callback
tuh_cdc_rx_cb callback with idx=2
[1] Claimed EP 0x85
  Queue EP 85 with 512 bytes ... 
OK
rldr
Hello Worldr
Hello Worldr
Hello Worldr
Hello Worldr
Hello Worldr
Hello WorldEP 83 with 2 bytes: OK
  CDC xfer callback
[1] Claimed EP 0x83
  Queue EP 83 with 512 bytes ... 
OK
[:1] on EP 81 with 2 bytes: OK
  CDC xfer callback
[1] Claimed EP 0x81
  Queue EP 81 with 512 bytes ... 
OK
bytes ... 
OK
ldr
Hello Worldr
Hello Worldr
Hello Worldr
Hello Worldr
Hello Worldr
Hello Worldr
Hello   CDC xfer callback
[1] Claimed EP 0x81
  Queue EP 81 with 512 bytes ... 
OK
[:1] on EP 85 with 94 bytes: OK
  CDC xfer callback
tuh_cdc_rx_cb callback with idx=2
[1] Claimed EP 0x85
  Queue EP 85 with 512 bytes ... 
OK
dr
Hello Worldr
Hello Worldr
Hello Worldr
Hello Worldr
Hello Worldr
Hello Worldr
s: OK
  CDC xfer callback
[1] Claimed EP 0x81
  Queue EP 81 with 512 bytes ... 
OK
[:1] on EP 85 with 95 bytes: OK
  CDC xfer callback
tuh_cdc_rx_cb callback with idx=2
[1] Claimed EP 0x85
  Queue EP 85 with 512 bytes ... 
OK
r
Hello Worldr
Hello Worldr
Hello Worldr
Hello Worldr
Hello  on EP 81 with 2 bytes: OK
  CDC xfer callback
[1] Claimed EP 0x81
  Queue EP 81 with 512 bytes ... 
OK
[:1] on EP 85 with 94 bytes: OK
  CDC xfer callback
tuh_cdc_rx_cb callback with idx=2
[1] Claimed EP 0x85
  Queue EP 85 with 512 bytes ... 
OK
Hello Worldr
Hello Worldr
Hello Worldr
Hello Worldr
Hello Wo on EP 81 with 2 bytes: OK
  CDC xfer callback
[1] Claimed EP 0x81
  Queue EP 81 with 512 bytes ... 
OK
[:1] on EP 85 with 94 bytes: OK
  CDC xfer callback
tuh_cdc_rx_cb callback with idx=2
orldr
Hello Worldr
He[:1] on EP 87 with 2 bytes: OK
  CDC xfer callback
[1] Claimed EP 0x87

[:1] on EP 85 with 94 bytes: OK
  CDC xfer callback
tuh_cdc_rx_cb callback with idx=2
[1] Claimed EP 0x85
  Queue EP 85 with 512 bytes ... 
OK
llo Worldr
Hello Worldr
Hello Worldr
Hello Worldr
Hello Worldr
Hello Worldr
HelloEP 83 with 2 bytes: OK
  CDC xfer callback
[1] Claimed EP 0x83
  Queue EP 83 with 512 bytes ... 
OK
[:1] on EP 81 with 2 bytes: OK
  CDC xfer callback
[1] Claimed EP 0x81
  Queue EP 81 with 512 bytes ... 
OK
[:1] on EP 85 with 94 bytes: OK
  CDC xfer callback
tuh_cdc_rx_cb callback with idx=2
[1] Claimed EP 0x85
 xfer callback
[1] Claimed EP 0x81
  Queue EP 81 with 512 bytes ... 
OK
[:1] on EP 85 with 94 bytes: OK
  CDC xfer callback
tuh_cdc_rx_cb callback with idx=2
[1] Claimed EP 0x85
  Queue EP 85 with 512 bytes ... 
OK
o Worldr
Hello Worldr
Hello Worldr
Hello Worldr
Hello Worldr
Hello Worldr
Hello W OK
  CDC xfer callback
[1] Claimed EP 0x81
  Queue EP 81 with 512 bytes ... 
OK
[:1] on EP 85 with 94 bytes: OK
  CDC xfer callback
tuh_cdc_rx_cb callback with idx=2
[1] Claimed EP 0x85
  Queue EP 85 with 512 bytes ... 
OK
 Worldr
Hello Worldr
Hello Worldr
Hello Worldr
Hello Worldr
Hello Worldr
Hello Wo: OK
  CDC xfer callback
[1] Claimed EP 0x81
  Queue EP 81 with 512 bytes ... 
OK
[:1] on EP 85 with 94 bytes: OK
  CDC xfer callback
tuh_cdc_rx_cb callback with idx=2
[1] Claimed EP 0x85
  Queue EP 85 with 512 bytes ... 
OK
Worldr
Hello Worldr
Hello Worldr
Hello Worldr
Hello Worldr
Hon EP 81 with 2 bytes: OK
  CDC xfer callback
[1] Claimed EP 0x81
  Queue EP 81 with 512 bytes ... 
OK
[:1] on EP 85 with 95 bytes: OK
  CDC xfer callback
tuh_cdc_rx_cb callback with idx=2
[1] Claimed EP 0x85
r[:1] on EP 87 with 2 bytes: OK
  CDC xfer callback
[1] Claimed EP 0x87
  Queue EP 87 with 512 bytes ... 
OK
2 bytes: OK
  CDC xfer callback
[1] Claimed EP 0x81
  Queue EP 81 with 512 bytes ... 
OK
[:1] on EP 85 with 94 bytes: OK
  CDC xfer callback
orldr
Hello Worldr
Hello Worldr
Hello Worldr
Hello ith 2 bytes: OK
  CDC xfer callback
[1] Claimed EP 0x83
  Queue EP 83 with 512 bytes ... 
OK
[:1] on EP 81 with 2 bytes: OK
  CDC xfer callback
[1] Claimed EP 0x81
  Queue EP 81 with 512 bytes ... 
OK
[:1] on EP 85 with 94 bytes: OK
  CDC xfer callback
tuh_cdc_rx_cb callback with idx=2
K
[:1] on EP 83 with 2 bytes: OK
  CDC xfer callback
[1] Claimed EP 0x83
  Queue EP 83 with 512 bytes ... 
OK
[:1] on EP 81 with 2 bytes: OK
  CDC xfer callback
[1] Claimed EP 0x81
  Queue EP 81 with 512 bytes ... 
OK
bytes ... 
OK
r
Hello Worldr
Hello Worldr
Hello Worldr
Hello Worldr
Hello Worldr
Hello Worldr
Hello Wo CDC xfer callback
[1] Claimed EP 0x81
  Queue EP 81 with 512 bytes ... 
OK
[:1] on EP 85 with 94 bytes: OK
  CDC xfer callback
tuh_cdc_rx_cb callback with idx=2
[1] Claimed EP 0x85
  Queue EP 85 with 512 bytes ... 
OK

Hello Worldr
Hello Worldr
Hello Worldr
Hello Worldr
Hello Worldr
Hello Worldr
He OK
  CDC xfer callback
[1] Claimed EP 0x81
  Queue EP 81 with 512 bytes ... 
OK
[:1] on EP 85 with 94 bytes: OK
  CDC xfer callback
tuh_cdc_rx_cb callback with idx=2
[1] Claimed EP 0x85
  Queue EP 85 with 512 bytes ... 
OK
Hello Worldr
Hello Worldr
Hello Worldr
Hello Worldr
Hello Wo on EP 81 with 2 bytes: OK
  CDC xfer callback
[1] Claimed EP 0x81
  Queue EP 81 with 512 bytes ... 
OK
[:1] on EP 85 with 94 bytes: OK
  CDC xfer callback
tuh_cdc_rx_cb callback with idx=2
orldr
Hello Worldr
He[:1] on EP 87 with 2 bytes: OK
  CDC xfer callback
[1] Claimed EP 0x87
K
[:1] on EP 85 with 94 bytes: OK
  CDC xfer callback
tuh_cdc_rx_cb callback with idx=2
[1] Claimed EP 0x85
  Queue EP 85 with 512 bytes ... 
OK
llo Worldr
Hello Worldr
Hello Worldr
Hello Worldr
Hello Worldr
Hello Worldr
Hello Worldr
Hel[:1] on EP 87 with 2 bytes: OK
  CDC xfer callback
[1] Claimed EP 0x87
  Queue EP 87 with 512 bytes ... 
OK
2 bytes: OK
  CDC xfer callback
[1] Claimed EP 0x81
  Queue EP 81 with 512 bytes ... 
OK
[:1] on EP 85 with 94 bytes: OK
  CDC xfer callback
ello Worldr
Hello Worldr
Hello Worldr
Hello Worldr
Hell[:1] on EP 87 with 2 bytes: OK
x81
  Queue EP 81 with 512 bytes ... 
OK
[:1] on EP 85 with 95 bytes: OK
  CDC xfer callback
tuh_cdc_rx_cb callback with idx=2
[1] Claimed EP 0x85
  Queue EP 85 with 512 bytes ... 
OK
o Worldr
Hello Worldr
Hello Worldr
Hello Worldr
Hello Worldr
Hello Worldr
Hello Ws: OK
  CDC xfer callback
[1] Claimed EP 0x81
  Queue EP 81 with 512 bytes ... 
OK
[:1] on EP 85 with 94 bytes: OK
  CDC xfer callback
tuh_cdc_rx_cb callback with idx=2
[1] Claimed EP 0x85
  Queue EP 85 with 512 bytes ... 
OK
Worldr
Hello Worldr
Hello Worldr
Hello Worldr
Hello Worldr
Hello Worldr
Hello Wors: OK
  CDC xfer callback
[1] Claimed EP 0x81
  Queue EP 81 with 512 bytes ... 
OK
[:1] on EP 85 with 94 bytes: OK
  CDC xfer callback
tuh_cdc_rx_cb callback with idx=2
[1] Claimed EP 0x85
  Queue EP 85 with 512 bytes ... 
OK
orldr
Hello Worldr
Hello Worldr
Hello Worldr
Hello Worldr
Hello Worldr
Hello Worl: OK
  CDC xfer callback
[1] Claimed EP 0x81
  Queue EP 81 with 512 bytes ... 
OK
[:1] on EP 85 with 94 bytes: OK
  CDC xfer callback
tuh_cdc_rx_cb callback with idx=2
[1] Claimed EP 0x85
[:1] on EP 87 with 2 bytes: OK

[1] Claimed EP 0x83
  Queue EP 83 with 512 bytes ... 
OK
[:1] on EP 81 with 2 bytes: OK
  CDC xfer callback
[1] Claimed EP 0x81
  Queue EP 81 with 512 bytes ... 
OK
[:1] on EP 85 with 94 bytes: OK
  CDC xfer callback
tuh_cdc_rx_cb callback with idx=2
[1] Claimed EP 0x85
  Queue EP 85 with 512 bytes ... 
OK
ldr
Hello Worldr
Hello Wor.. 
OK
[:1] on EP 85 with 94 bytes: OK
  CDC xfer callback
tuh_cdc_rx_cb callback with idx=2
[1] Claimed EP 0x85
  Queue EP 85 with 512 bytes ... 
OK
dr
Hello Worldr
Hello Worldr
Hello Worldr
Hello Worldr
Hello Worldr
Hello Worldr
EP 83 with 2 bytes: OK
  CDC xfer callback

  Queue EP 81 with 512 bytes ... 
OK
[:1] on EP 85 with 94 bytes: OK
  CDC xfer callback
tuh_cdc_rx_cb callback with idx=2
[1] Claimed EP 0x85
  Queue EP 85 with 512 bytes ... 
OK
r
Hello Worldr
Hello Worldr
Hello Worldr
Hello Worldr
Hello Worldr
Hello Worldr
H EP 83 with 2 bytes: OK
  CDC xfer callback
[1] Claimed EP 0x83
  Queue EP 83 with 512 bytes ... 
OK
[:1] on EP 81 with 2 bytes: OK
  CDC xfer callback
[1] Claimed EP 0x81
  Queue EP 81 with 512 bytes ... 
OK
 bytes ... 
OK

Hello Worldr
Hello Worldr
Hello Worldr
Hello Worldr
Hello Worldr
Hello Worldr
Hello Wor  CDC xfer callback
[1] Claimed EP 0x81
  Queue EP 81 with 512 bytes ... 
OK
[:1] on EP 85 with 95 bytes: OK
  CDC xfer callback
tuh_cdc_rx_cb callback with idx=2
[1] Claimed EP 0x85
  Queue EP 85 with 512 bytes ... 
OK
Hello Worldr
Hello Worldr
Hello Worldr
Hello Worldr
Hello Worldr
Hello Worldr
Hel: OK
  CDC xfer callback
[1] Claimed EP 0x81
  Queue EP 81 with 512 bytes ... 
OK
[:1] on EP 85 with 94 bytes: OK
  CDC xfer callback
tuh_cdc_rx_cb callback with idx=2
[1] Claimed EP 0x85
  Queue EP 85 with 512 bytes ... 
OK
llo Worldr
Hello Worldr
Hello Worldr
Hello Worldr
Hello Worln EP 81 with 2 bytes: OK
  CDC xfer callback
[1] Claimed EP 0x81
  Queue EP 81 with 512 bytes ... 
OK
[:1] on EP 85 with 94 bytes: OK
  CDC xfer callback
tuh_cdc_rx_cb callback with idx=2
[1] Claimed EP 0x85
  Queue EP 85 with 512 bytes ... 
OK
lo Worldr
Hello Worldr
Hello Worldr
Hello Worldr
Hello World on EP 81 with 2 bytes: OK
  CDC xfer callback
[1] Claimed EP 0x81
  Queue EP 81 with 512 bytes ... 
OK
[:1] on EP 85 with 94 bytes: OK
  CDC xfer callback
tuh_cdc_rx_cb callback with idx=2
[1] Claimed EP 0x85
  Queue EP 85 with 512 bytes ... 
OK
o Worldr
Hello Worldr
Hell ... 
OK
[:1] on EP 85 with 94 bytes: OK
  CDC xfer callback
tuh_cdc_rx_cb callback with idx=2
[1] Claimed EP 0x85
  Queue EP 85 with 512 bytes ... 
OK
 Worldr
Hello Worldr
Hello Worldr
Hello Worldr
Hello Worldr
Hello Worldr
Hello WoEP 83 with 2 bytes: OK
  CDC xfer callback
[1] Claimed EP 0x83
512 bytes ... 
OK
[:1] on EP 85 with 94 bytes: OK
  CDC xfer callback
tuh_cdc_rx_cb callback with idx=2
[1] Claimed EP 0x85
  Queue EP 85 with 512 bytes ... 
OK
Worldr
Hello Worldr
Hello Worldr
Hello Worldr
Hello Worldr
Hello Worldr
Hello Wor OK
  CDC xfer callback
[1] Claimed EP 0x81
  Queue EP 81 with 512 bytes ... 
OK
[:1] on EP 85 with 94 bytes: OK
  CDC xfer callback
tuh_cdc_rx_cb callback with idx=2
[1] Claimed EP 0x85
  Queue EP 85 with 512 bytes ... 
OK
orldr
Hello Worldr
Hello Worldr
Hello Worldr
Hello Worldr
Hello Worldr
Hello Worl: OK
  CDC xfer callback
[1] Claimed EP 0x81
  Queue EP 81 with 512 bytes ... 
OK
[:1] on EP 85 with 94 bytes: OK
  CDC xfer callback
tuh_cdc_rx_cb callback with idx=2
[1] Claimed EP 0x85
  Queue EP 85 with 512 bytes ... 
OK
rldr
Hello Worldr
Hello Worldr
Hello Worldr
Hello Worldr
Hello Worldr
Hello World: OK
  CDC xfer callback
[1] Claimed EP 0x81
  Queue EP 81 with 512 bytes ... 
OK
[:1] on EP 85 with 95 bytes: OK
  CDC xfer callback
tuh_cdc_rx_cb callback with idx=2
[1] Claimed EP 0x85
  Queue EP 85 with 512 bytes ... 
OK
ldr
Hello Worldr
Hello Worldr
Hello Worldr
Hello Worldr
Hell] on EP 81 with 2 bytes: OK
  CDC xfer callback
[1] Claimed EP 0x81
  Queue EP 81 with 512 bytes ... 
OK
[:1] on EP 85 with 94 bytes: OK
  CDC xfer callback
tuh_cdc_rx_cb callback with idx=2
o Worldr
Hello Worldr[:1] on EP 87 with 2 bytes: OK
  CDC xfer callback
[1] Claimed EP 0x87
  Queue EP 87 with 512 bytes ... 
OK
 2 bytes: OK
  CDC xfer callback
[1] Claimed EP 0x81
  Queue EP 81 with 512 bytes ... 
OK
[:1] on EP 85 with 94 bytes: OK
  CDC xfer callback
tuh_cdc_rx_cb callback with idx=2
[1] Claimed EP 0x85
  Queue EP 85 with 512 bytes ... 
OK

Hello Worldr
Hello Worldr
Hell
OK
[:1] on EP 85 with 94 bytes: OK
  CDC xfer callback
tuh_cdc_rx_cb callback with idx=2
[1] Claimed EP 0x85
  Queue EP 85 with 512 bytes ... 
OK
Hello Worldr
Hello Worldr
Hello Worldr
Hello Worldr
Hello Worldr
Hello Worldr
HelEP 83 with 2 bytes: OK
  CDC xfer callback
[1] Claimed EP 0x83
  Queue EP 83 with 512 bytes ... 
OK
[:1] on EP 81 with 2 bytes: OK
  CDC xfer callback
[1] Claimed EP 0x81
  Queue EP 81 with 512 bytes ... 
OK
[:1] on EP 85 with 94 bytes: OK
  CDC xfer callback
tuh_cdc_rx_cb callback with idx=2
[1] Claimed EP 0x85
  Queue EP ack
[1] Claimed EP 0x81
  Queue EP 81 with 512 bytes ... 
OK
[:1] on EP 85 with 94 bytes: OK
  CDC xfer callback
tuh_cdc_rx_cb callback with idx=2
[1] Claimed EP 0x85
  Queue EP 85 with 512 bytes ... 
OK
llo Worldr
Hello Worldr
Hello Worldr
Hello Worldr
Hello Worldr
Hello Worldr
Hello: OK
  CDC xfer callback
[1] Claimed EP 0x81
  Queue EP 81 with 512 bytes ... 
OK
[:1] on EP 85 with 94 bytes: OK
  CDC xfer callback
tuh_cdc_rx_cb callback with idx=2
[1] Claimed EP 0x85
  Queue EP 85 with 512 bytes ... 
OK
lo Worldr
Hello Worldr
Hello Worldr
Hello Worldr
Hello Worldr
Hello Worldr
Hello : OK
  CDC xfer callback
[1] Claimed EP 0x81
  Queue EP 81 with 512 bytes ... 
OK
[:1] on EP 85 with 94 bytes: OK
  CDC xfer callback
tuh_cdc_rx_cb callback with idx=2
[1] Claimed EP 0x85
  Queue EP 85 with 512 bytes ... 
OK
o Worldr
Hello Worldr
Hello Worldr
Hello Worldr
Hello Worldron EP 81 with 2 bytes: OK
  CDC xfer callback
[1] Claimed EP 0x81
  Queue EP 81 with 512 bytes ... 
OK
[:1] on EP 85 with 95 bytes: OK
  CDC xfer callback
tuh_cdc_rx_cb callback with idx=2
[1] Claimed EP 0x85
  Queue EP 85 with 512 bytes ... 
OK
 Worldr
Hello Worldr
Hello ... 
OK
[:1] on EP 85 with 94 bytes: OK
  CDC xfer callback
tuh_cdc_rx_cb callback with idx=2
[1] Claimed EP 0x85
  Queue EP 85 with 512 bytes ... 
OK
orldr
Hello Worldr
Hello Worldr
Hello Worldr
Hello Worldr
Hello Worldr
Hello WorlEP 83 with 2 bytes: OK
  CDC xfer callback

  Queue EP 81 with 512 bytes ... 
OK
[:1] on EP 85 with 94 bytes: OK
  CDC xfer callback
tuh_cdc_rx_cb callback with idx=2
[1] Claimed EP 0x85
  Queue EP 85 with 512 bytes ... 
OK
rldr
Hello Worldr
Hello Worldr
Hello Worldr
Hello Worldr
Hello Worldr
Hello World EP 83 with 2 bytes: OK
  CDC xfer callback
[1] Claimed EP 0x83
  Queue EP 83 with 512 bytes ... 
OK
[:1] on EP 81 with 2 bytes: OK
  CDC xfer callback
[1] Claimed EP 0x81
  Queue EP 81 with 512 bytes ... 
OK
bytes ... 
OK
ldr
Hello Worldr
Hello Worldr
Hello Worldr
Hello Worldr
Hello Worldr
Hello Worldr
Hello   CDC xfer callback
[1] Claimed EP 0x81
  Queue EP 81 with 512 bytes ... 
OK
[:1] on EP 85 with 94 bytes: OK
  CDC xfer callback
tuh_cdc_rx_cb callback with idx=2
[1] Claimed EP 0x85
  Queue EP 85 with 512 bytes ... 
OK
dr
Hello Worldr
Hello Worldr
Hello Worldr
Hello Worldr
Hello Worldr
Hello Worldr
: OK
  CDC xfer callback
[1] Claimed EP 0x81
  Queue EP 81 with 512 bytes ... 
OK
[:1] on EP 85 with 94 bytes: OK
  CDC xfer callback
tuh_cdc_rx_cb callback with idx=2
[1] Claimed EP 0x85
  Queue EP 85 with 512 bytes ... 
OK
r
Hello Worldr
Hello Worldr
Hello Worldr
Hello Worldr
Hello  on EP 81 with 2 bytes: OK
  CDC xfer callback
[1] Claimed EP 0x81
  Queue EP 81 with 512 bytes ... 
OK
[:1] on EP 85 with 94 bytes: OK
  CDC xfer callback
tuh_cdc_rx_cb callback with idx=2
[1] Claimed EP 0x85
  Queue EP 85 with 512 bytes ... 
OK

Hello Worldr
Hello Worldr
Hello Worldr
Hello Worldr
Hello WorldP 81 with 2 bytes: OK
  CDC xfer callback
[1] Claimed EP 0x81
  Queue EP 81 with 512 bytes ... 
OK
[:1] on EP 85 with 94 bytes: OK
  CDC xfer callback
tuh_cdc_rx_cb callback with idx=2
[1] Claimed EP 0x85
  Queue EP 85 with 512 bytes ... 
OK
Hello Worldr
Hello Worldr
s ... 
OK
[:1] on EP 85 with 94 bytes: OK
  CDC xfer callback
tuh_cdc_rx_cb callback with idx=2
[1] Claimed EP 0x85
  Queue EP 85 with 512 bytes ... 
OK
ello Worldr
Hello Worldr
Hello Worldr
Hello Worldr
Hello Worldr
Hello Worldr
Hell EP 83 with 2 bytes: OK
  CDC xfer callback
[1] Claimed EP 0x83
  Queue EP 83 with 512 bytes ... 
OK
[:1] on EP 81 with 2 bytes: OK
  CDC xfer callback
[1] Claimed EP 0x81
  Queue EP 81 with 512 bytes ... 
OK
[:1] on EP 85 with 95 bytes: OK
  CDC xfer callback
tuh_cdc_rx_cb callback with idx=2
[1] Claimed EP 0x85
  Queue EP back
[1] Claimed EP 0x81
  Queue EP 81 with 512 bytes ... 
OK
[:1] on EP 85 with 94 bytes: OK
  CDC xfer callback
tuh_cdc_rx_cb callback with idx=2
[1] Claimed EP 0x85
  Queue EP 85 with 512 bytes ... 
OK
o Worldr
Hello Worldr
Hello Worldr
Hello Worldr
Hello Worldr
Hello Worldr
Hello W OK
  CDC xfer callback
[1] Claimed EP 0x81
  Queue EP 81 with 512 bytes ... 
OK
[:1] on EP 85 with 94 bytes: OK
  CDC xfer callback
tuh_cdc_rx_cb callback with idx=2
[1] Claimed EP 0x85
  Queue EP 85 with 512 bytes ... 
OK
 Worldr
Hello Worldr
Hello Worldr
Hello Worldr
Hello Worldr
Hello Worldr
Hello Wos: OK
  CDC xfer callback
[1] Claimed EP 0x81
  Queue EP 81 with 512 bytes ... 
OK
[:1] on EP 85 with 94 bytes: OK
  CDC xfer callback
tuh_cdc_rx_cb callback with idx=2
[1] Claimed EP 0x85
  Queue EP 85 with 512 bytes ... 
OK
Worldr
Hello Worldr
Hello Worldr
Hello Worldr
Hello Worldr
H on EP 81 with 2 bytes: OK
  CDC xfer callback
[1] Claimed EP 0x81
  Queue EP 81 with 512 bytes ... 
OK
[:1] on EP 85 with 94 bytes: OK
  CDC xfer callback
tuh_cdc_rx_cb callback with idx=2
[1] Claimed EP 0x85
  Queue EP 85 with 512 bytes ... 
OK
orldr
Hello Worldr
Hello Ws ... 
OK
[:1] on EP 85 with 94 bytes: OK
  CDC xfer callback
tuh_cdc_rx_cb callback with idx=2
[1] Claimed EP 0x85
  Queue EP 85 with 512 bytes ... 
OK
rldr
Hello Worldr
Hello Worldr
Hello Worldr
Hello Worldr
Hello Worldr
Hello World EP 83 with 2 bytes: OK
  CDC xfer callback
[1] Claimed EP 0x83
512 bytes ... 
OK
[:1] on EP 85 with 94 bytes: OK
  CDC xfer callback
tuh_cdc_rx_cb callback with idx=2
[1] Claimed EP 0x85
  Queue EP 85 with 512 bytes ... 
OK
ldr
Hello Worldr
Hello Worldr
Hello Worldr
Hello Worldr
Hello Worldr
Hello Worldr: OK
  CDC xfer callback
[1] Claimed EP 0x81
  Queue EP 81 with 512 bytes ... 
OK
[:1] on EP 85 with 94 bytes: OK
  CDC xfer callback
tuh_cdc_rx_cb callback with idx=2
[1] Claimed EP 0x85
  Queue EP 85 with 512 bytes ... 
OK
dr
Hello Worldr
Hello Worldr
Hello Worldr
Hello Worldr
Hello Worldr
Hello Worldr
: OK
  CDC xfer callback
[1] Claimed EP 0x81
  Queue EP 81 with 512 bytes ... 
OK
[:1] on EP 85 with 95 bytes: OK
  CDC xfer callback
tuh_cdc_rx_cb callback with idx=2
[1] Claimed EP 0x85
  Queue EP 85 with 512 bytes ... 
OK
r
Hello Worldr
Hello Worldr
Hello Worldr
Hello Worldr
Hello Worldr
Hello Worldr
H: OK
  CDC xfer callback
[1] Claimed EP 0x81
  Queue EP 81 with 512 bytes ... 
OK
[:1] on EP 85 with 94 bytes: OK
  CDC xfer callback
tuh_cdc_rx_cb callback with idx=2
[1] Claimed EP 0x85
  Queue EP 85 with 512 bytes ... 
OK
Hello Worldr
Hello Worldr
Hello Worldr
Hello Worldr
Hello Woon EP 81 with 2 bytes: OK
  CDC xfer callback
[1] Claimed EP 0x81
  Queue EP 81 with 512 bytes ... 
OK
[:1] on EP 85 with 94 bytes: OK
  CDC xfer callback
tuh_cdc_rx_cb callback with idx=2
[1] Claimed EP 0x85
  Queue EP 85 with 512 bytes ... 
OK
ello Worldr
Hello Worldr
Hello Worldr
Hello Worldr
Hello Woron EP 81 with 2 bytes: OK
  CDC xfer callback
[1] Claimed EP 0x81
  Queue EP 81 with 512 bytes ... 
OK
[:1] on EP 85 with 94 bytes: OK
  CDC xfer callback
tuh_cdc_rx_cb callback with idx=2
rldr
Hello Worldr
Hel[:1] on EP 87 with 2 bytes: OK
  CDC xfer callback
[1] Claimed EP 0x87
K
[:1] on EP 85 with 94 bytes: OK
  CDC xfer callback
tuh_cdc_rx_cb callback with idx=2
[1] Claimed EP 0x85
  Queue EP 85 with 512 bytes ... 
OK
lo Worldr
Hello Worldr
Hello Worldr
Hello Worldr
Hello Worldr
Hello Worldr
Hello  EP 83 with 2 bytes: OK
  CDC xfer callback
[1] Claimed EP 0x83
  Queue EP 83 with 512 bytes ... 
OK
[:1] on EP 81 with 2 bytes: OK
  CDC xfer callback
[1] Claimed EP 0x81
  Queue EP 81 with 512 bytes ... 
OK
[:1] on EP 85 with 94 bytes: OK
  CDC xfer callback
tuh_cdc_rx_cb callback with idx=2
[1] Claimed EP 0x85
C xfer callback
[1] Claimed EP 0x81
  Queue EP 81 with 512 bytes ... 
OK
[:1] on EP 85 with 94 bytes: OK
  CDC xfer callback
tuh_cdc_rx_cb callback with idx=2
[1] Claimed EP 0x85
  Queue EP 85 with 512 bytes ... 
OK
 Worldr
Hello Worldr
Hello Worldr
Hello Worldr
Hello Worldr
Hello Worldr
Hello Wo: OK
  CDC xfer callback
[1] Claimed EP 0x81
  Queue EP 81 with 512 bytes ... 
OK
[:1] on EP 85 with 94 bytes: OK
  CDC xfer callback
tuh_cdc_rx_cb callback with idx=2
[1] Claimed EP 0x85
  Queue EP 85 with 512 bytes ... 
OK
Worldr
Hello Worldr
Hello Worldr
Hello Worldr
Hello Worldr
Hello Worldr
Hello Wor OK
  CDC xfer callback
[1] Claimed EP 0x81
  Queue EP 81 with 512 bytes ... 
OK
[:1] on EP 85 with 94 bytes: OK
  CDC xfer callback
tuh_cdc_rx_cb callback with idx=2
[1] Claimed EP 0x85
  Queue EP 85 with 512 bytes ... 
OK
orldr
Hello Worldr
Hello Worldr
Hello Worldr
Hello Worldr
Heon EP 81 with 2 bytes: OK
  CDC xfer callback
[1] Claimed EP 0x81
  Queue EP 81 with 512 bytes ... 
OK
[:1] on EP 85 with 95 bytes: OK
  CDC xfer callback
tuh_cdc_rx_cb callback with idx=2
[1] Claimed EP 0x85
  Queue EP 85 with 512 bytes ... 
OK
rldr
Hello Worldr
Hello Wo... 
OK
[:1] on EP 85 with 94 bytes: OK
  CDC xfer callback
tuh_cdc_rx_cb callback with idx=2
[1] Claimed EP 0x85
  Queue EP 85 with 512 bytes ... 
OK
dr
Hello Worldr
Hello Worldr
Hello Worldr
Hello Worldr
Hello Worldr
Hello Worldr
 EP 83 with 2 bytes: OK
  CDC xfer callback
1
  Queue EP 81 with 512 bytes ... 
OK
[:1] on EP 85 with 94 bytes: OK
  CDC xfer callback
tuh_cdc_rx_cb callback with idx=2
[1] Claimed EP 0x85
  Queue EP 85 with 512 bytes ... 
OK
r
Hello Worldr
Hello Worldr
Hello Worldr
Hello Worldr
Hello Worldr
Hello Worldr
HEP 83 with 2 bytes: OK
  CDC xfer callback
[1] Claimed EP 0x83
  Queue EP 83 with 512 bytes ... 
OK
[:1] on EP 81 with 2 bytes: OK
  CDC xfer callback
[1] Claimed EP 0x81
  Queue EP 81 with 512 bytes ... 
OK
 bytes ... 
OK

Hello Worldr
Hello Worldr
Hello Worldr
Hello Worldr
Hello Worldr
Hello Worldr
Hello Worldr
 xfer callback
[1] Claimed EP 0x81
  Queue EP 81 with 512 bytes ... 
OK
[:1] on EP 85 with 94 bytes: OK
  CDC xfer callback
tuh_cdc_rx_cb callback with idx=2
[1] Claimed EP 0x85
  Queue EP 85 with 512 bytes ... 
OK
Hello Worldr
Hello Worldr
Hello Worldr
Hello Worldr
Hello Worldr
Hello Worldr
Hel OK
  CDC xfer callback
[1] Claimed EP 0x81
  Queue EP 81 with 512 bytes ... 
OK
[:1] on EP 85 with 94 bytes: OK
  CDC xfer callback
tuh_cdc_rx_cb callback with idx=2
[1] Claimed EP 0x85
  Queue EP 85 with 512 bytes ... 
OK
ello Worldr
Hello Worldr
Hello Worldr
Hello Worldr
Hello Woron EP 81 with 2 bytes: OK
  CDC xfer callback
[1] Claimed EP 0x81
  Queue EP 81 with 512 bytes ... 
OK
[:1] on EP 85 with 94 bytes: OK
  CDC xfer callback
tuh_cdc_rx_cb callback with idx=2
[1] Claimed EP 0x85
  Queue EP 85 with 512 bytes ... 
OK
llo Worldr
Hello Worldr
Hello Worldr
Hello Worldr
Hello Worlon EP 81 with 2 bytes: OK
  CDC xfer callback
[1] Claimed EP 0x81
  Queue EP 81 with 512 bytes ... 
OK
[:1] on EP 85 with 94 bytes: OK
  CDC xfer callback
tuh_cdc_rx_cb callback with idx=2
[1] Claimed EP 0x85
  Queue EP 85 with 512 bytes ... 
OK
lo Worldr
Hello Worldr
Hel... 
OK
[:1] on EP 85 with 95 bytes: OK
  CDC xfer callback
tuh_cdc_rx_cb callback with idx=2
[1] Claimed EP 0x85
  Queue EP 85 with 512 bytes ... 
OK
o Worldr
Hello Worldr
Hello Worldr
Hello Worldr
Hello Worldr
Hello Worldr
Hello Wn EP 83 with 2 bytes: OK
  CDC xfer callback
[1] Claimed EP 0x83
512 bytes ... 
OK
[:1] on EP 85 with 94 bytes: OK
  CDC xfer callback
tuh_cdc_rx_cb callback with idx=2
[1] Claimed EP 0x85
  Queue EP 85 with 512 bytes ... 
OK
Worldr
Hello Worldr
Hello Worldr
Hello Worldr
Hello Worldr
Hello Worldr
Hello Wor OK
  CDC xfer callback
[1] Claimed EP 0x81
  Queue EP 81 with 512 bytes ... 
OK
[:1] on EP 85 with 94 bytes: OK
  CDC xfer callback
tuh_cdc_rx_cb callback with idx=2
[1] Claimed EP 0x85
  Queue EP 85 with 512 bytes ... 
OK
orldr
Hello Worldr
Hello Worldr
Hello Worldr
Hello Worldr
Hello Worldr
Hello Worl OK
  CDC xfer callback
[1] Claimed EP 0x81
  Queue EP 81 with 512 bytes ... 
OK
[:1] on EP 85 with 94 bytes: OK
  CDC xfer callback
tuh_cdc_rx_cb callback with idx=2
[1] Claimed EP 0x85
  Queue EP 85 with 512 bytes ... 
OK
rldr
Hello Worldr
Hello Worldr
Hello Worldr
Hello Worldr
Hello Worldr
Hello Worlds: OK
  CDC xfer callback
[1] Claimed EP 0x81
  Queue EP 81 with 512 bytes ... 
OK
[:1] on EP 85 with 94 bytes: OK
  CDC xfer callback
tuh_cdc_rx_cb callback with idx=2
[1] Claimed EP 0x85
  Queue EP 85 with 512 bytes ... 
OK
ldr
Hello Worldr
Hello Worldr
Hello Worldr
Hello Worldr
Hell on EP 81 with 2 bytes: OK
  CDC xfer callback
[1] Claimed EP 0x81
  Queue EP 81 with 512 bytes ... 
OK
[:1] on EP 85 with 94 bytes: OK
  CDC xfer callback
tuh_cdc_rx_cb callback with idx=2
[1] Claimed EP 0x85
  Queue EP 85 with 512 bytes ... 
OK
dr
Hello Worldr
Hello Worldr
Hello Worldr
Hello Worldr
Hello Worldr81 with 2 bytes: OK
  CDC xfer callback
[1] Claimed EP 0x81
  Queue EP 81 with 512 bytes ... 
OK
[:1] on EP 85 with 94 bytes: OK
  CDC xfer callback
tuh_cdc_rx_cb callback with idx=2
[1] Claimed EP 0x85
  Queue EP 85 with 512 bytes ... 
OK
r
Hello Worldr
Hello Worldr. 
OK
[:1] on EP 85 with 94 bytes: OK
  CDC xfer callback
tuh_cdc_rx_cb callback with idx=2
[1] Claimed EP 0x85
  Queue EP 85 with 512 bytes ... 
OK

Hello Worldr
Hello Worldr
Hello Worldr
Hello Worldr
Hello Worldr
Hello Worldr
He EP 83 with 2 bytes: OK
  CDC xfer callback
[1] Claimed EP 0x83
  Queue EP 83 with 512 bytes ... 
OK
[:1] on EP 81 with 2 bytes: OK
  CDC xfer callback
[1] Claimed EP 0x81
  Queue EP 81 with 512 bytes ... 
OK
[:1] on EP 85 with 95 bytes: OK
  CDC xfer callback
tuh_cdc_rx_cb callback with idx=2
[1] Claimed EP 0x85
C xfer callback
[1] Claimed EP 0x81
  Queue EP 81 with 512 bytes ... 
OK
[:1] on EP 85 with 94 bytes: OK
  CDC xfer callback
tuh_cdc_rx_cb callback with idx=2
[1] Claimed EP 0x85
  Queue EP 85 with 512 bytes ... 
OK
llo Worldr
Hello Worldr
Hello Worldr
Hello Worldr
Hello Worldr
Hello Worldr
Hellos: OK
  CDC xfer callback
[1] Claimed EP 0x81
  Queue EP 81 with 512 bytes ... 
OK
[:1] on EP 85 with 94 bytes: OK
  CDC xfer callback
tuh_cdc_rx_cb callback with idx=2
[1] Claimed EP 0x85
  Queue EP 85 with 512 bytes ... 
OK
lo Worldr
Hello Worldr
Hello Worldr
Hello Worldr
Hello Worldr
Hello Worldr
Hello : OK
  CDC xfer callback
[1] Claimed EP 0x81
  Queue EP 81 with 512 bytes ... 
OK
[:1] on EP 85 with 94 bytes: OK
  CDC xfer callback
tuh_cdc_rx_cb callback with idx=2
[1] Claimed EP 0x85
  Queue EP 85 with 512 bytes ... 
OK
o Worldr
Hello Worldr
Hello Worldr
Hello Worldr
Hello Worldron EP 81 with 2 bytes: OK
  CDC xfer callback
[1] Claimed EP 0x81
  Queue EP 81 with 512 bytes ... 
OK
[:1] on EP 85 with 94 bytes: OK
  CDC xfer callback
tuh_cdc_rx_cb callback with idx=2
[1] Claimed EP 0x85
  Queue EP 85 with 512 bytes ... 
OK
 Worldr
Hello Worldr
Hello.. 
OK
[:1] on EP 85 with 94 bytes: OK
  CDC xfer callback
tuh_cdc_rx_cb callback with idx=2
[1] Claimed EP 0x85
  Queue EP 85 with 512 bytes ... 
OK
Worldr
Hello Worldr
Hello Worldr
Hello Worldr
Hello Worldr
Hello Worldr
Hello Wor EP 83 with 2 bytes: OK
  CDC xfer callback
1
  Queue EP 81 with 512 bytes ... 
OK
[:1] on EP 85 with 94 bytes: OK
  CDC xfer callback
tuh_cdc_rx_cb callback with idx=2
[1] Claimed EP 0x85
  Queue EP 85 with 512 bytes ... 
OK
orldr
Hello Worldr
Hello Worldr
Hello Worldr
Hello Worldr
Hello Worldr
Hello WorlEP 83 with 2 bytes: OK
  CDC xfer callback
[1] Claimed EP 0x83
  Queue EP 83 with 512 bytes ... 
OK
[:1] on EP 81 with 2 bytes: OK
  CDC xfer callback
[1] Claimed EP 0x81
  Queue EP 81 with 512 bytes ... 
OK
 bytes ... 
OK
rldr
Hello Worldr
Hello Worldr
Hello Worldr
Hello Worldr
Hello Worldr
Hello Worldr
Hello  CDC xfer callback
[1] Claimed EP 0x81
  Queue EP 81 with 512 bytes ... 
OK
[:1] on EP 85 with 94 bytes: OK
  CDC xfer callback
tuh_cdc_rx_cb callback with idx=2
[1] Claimed EP 0x85
  Queue EP 85 with 512 bytes ... 
OK
ldr
Hello Worldr
Hello Worldr
Hello Worldr
Hello Worldr
Hello Worldr
Hello Worldr: OK
  CDC xfer callback
[1] Claimed EP 0x81
  Queue EP 81 with 512 bytes ... 
OK
[:1] on EP 85 with 95 bytes: OK
  CDC xfer callback
tuh_cdc_rx_cb callback with idx=2
[1] Claimed EP 0x85
  Queue EP 85 with 512 bytes ... 
OK
dr
Hello Worldr
Hello Worldr
Hello Worldr
Hello Worldr
Helloon EP 81 with 2 bytes: OK
  CDC xfer callback
[1] Claimed EP 0x81
  Queue EP 81 with 512 bytes ... 
OK
[:1] on EP 85 with 94 bytes: OK
  CDC xfer callback
tuh_cdc_rx_cb callback with idx=2
[1] Claimed EP 0x85
  Queue EP 85 with 512 bytes ... 
OK

Hello Worldr
Hello Worldr
Hello Worldr
Hello Worldr
Hello Worldr
H1 with 2 bytes: OK
  CDC xfer callback
[1] Claimed EP 0x81
  Queue EP 81 with 512 bytes ... 
OK
[:1] on EP 85 with 94 bytes: OK
  CDC xfer callback
tuh_cdc_rx_cb callback with idx=2
[1] Claimed EP 0x85
  Queue EP 85 with 512 bytes ... 
OK
Hello Worldr
Hello Worldr
... 
OK
[:1] on EP 85 with 94 bytes: OK
  CDC xfer callback
tuh_cdc_rx_cb callback with idx=2
[1] Claimed EP 0x85
  Queue EP 85 with 512 bytes ... 
OK
ello Worldr
Hello Worldr
Hello Worldr
Hello Worldr
Hello Worldr
Hello Worldr
Hell EP 83 with 2 bytes: OK
  CDC xfer callback
[1] Claimed EP 0x83
  Queue EP 83 with 512 bytes ... 
OK
[:1] on EP 81 with 2 bytes: OK
  CDC xfer callback
[1] Claimed EP 0x81
  Queue EP 81 with 512 bytes ... 
OK
[:1] on EP 85 with 94 bytes: OK
  CDC xfer callback
tuh_cdc_rx_cb callback with idx=2
[1] Claimed EP 0x85
 xfer callback
[1] Claimed EP 0x81
  Queue EP 81 with 512 bytes ... 
OK
[:1] on EP 85 with 94 bytes: OK
  CDC xfer callback
tuh_cdc_rx_cb callback with idx=2
[1] Claimed EP 0x85
  Queue EP 85 with 512 bytes ... 
OK
lo Worldr
Hello Worldr
Hello Worldr
Hello Worldr
Hello Worldr
Hello Worldr
Hello  OK
  CDC xfer callback
[1] Claimed EP 0x81
  Queue EP 81 with 512 bytes ... 
OK
[:1] on EP 85 with 94 bytes: OK
  CDC xfer callback
tuh_cdc_rx_cb callback with idx=2
[1] Claimed EP 0x85
  Queue EP 85 with 512 bytes ... 
OK
o Worldr
Hello Worldr
Hello Worldr
Hello Worldr
Hello Worldr
Hello Worldr
Hello W: OK
  CDC xfer callback
[1] Claimed EP 0x81
  Queue EP 81 with 512 bytes ... 
OK
[:1] on EP 85 with 94 bytes: OK
  CDC xfer callback
tuh_cdc_rx_cb callback with idx=2
[1] Claimed EP 0x85
  Queue EP 85 with 512 bytes ... 
OK
 Worldr
Hello Worldr
Hello Worldr
Hello Worldr
Hello Worldr
on EP 81 with 2 bytes: OK
  CDC xfer callback
[1] Claimed EP 0x81
  Queue EP 81 with 512 bytes ... 
OK
[:1] on EP 85 with 95 bytes: OK
  CDC xfer callback
tuh_cdc_rx_cb callback with idx=2
[1] Claimed EP 0x85
  Queue EP 85 with 512 bytes ... 
OK
Worldr
Hello Worldr
Hello  ... 
OK
[:1] on EP 85 with 94 bytes: OK
  CDC xfer callback
tuh_cdc_rx_cb callback with idx=2
[1] Claimed EP 0x85
  Queue EP 85 with 512 bytes ... 
OK
rldr
Hello Worldr
Hello Worldr
Hello Worldr
Hello Worldr
Hello Worldr
Hello WorldEP 83 with 2 bytes: OK
  CDC xfer callback
[1] Claimed EP 0x83
 512 bytes ... 
OK
[:1] on EP 85 with 94 bytes: OK
  CDC xfer callback
tuh_cdc_rx_cb callback with idx=2
[1] Claimed EP 0x85
  Queue EP 85 with 512 bytes ... 
OK
ldr
Hello Worldr
Hello Worldr
Hello Worldr
Hello Worldr
Hello Worldr
Hello WorldrEP 83 with 2 bytes: OK
  CDC xfer callback
[1] Claimed EP 0x83
  Queue EP 83 with 512 bytes ... 
OK
[:1] on EP 81 with 2 bytes: OK
  CDC xfer callback
[1] Claimed EP 0x81
  Queue EP 81 with 512 bytes ... 
OK
 bytes ... 
OK
dr
Hello Worldr
Hello Worldr
Hello Worldr
Hello Worldr
Hello Worldr
Hello Worldr
Hello W  CDC xfer callback
[1] Claimed EP 0x81
  Queue EP 81 with 512 bytes ... 
OK
[:1] on EP 85 with 94 bytes: OK
  CDC xfer callback
tuh_cdc_rx_cb callback with idx=2
[1] Claimed EP 0x85
  Queue EP 85 with 512 bytes ... 
OK
r
Hello Worldr
Hello Worldr
Hello Worldr
Hello Worldr
Hello Worldr
Hello Worldr
H: OK
  CDC xfer callback
[1] Claimed EP 0x81
  Queue EP 81 with 512 bytes ... 
OK
[:1] on EP 85 with 94 bytes: OK
  CDC xfer callback
tuh_cdc_rx_cb callback with idx=2
[1] Claimed EP 0x85
  Queue EP 85 with 512 bytes ... 
OK

Hello Worldr
Hello Worldr
Hello Worldr
Hello Worldr
Hello W on EP 81 with 2 bytes: OK
  CDC xfer callback
[1] Claimed EP 0x81
  Queue EP 81 with 512 bytes ... 
OK
[:1] on EP 85 with 94 bytes: OK
  CDC xfer callback
tuh_cdc_rx_cb callback with idx=2
[1] Claimed EP 0x85
  Queue EP 85 with 512 bytes ... 
OK
Hello Worldr
Hello Worldr
Hello Worldr
Hello Worldr
Hello Won EP 81 with 2 bytes: OK
  CDC xfer callback
[1] Claimed EP 0x81
  Queue EP 81 with 512 bytes ... 
OK
[:1] on EP 85 with 94 bytes: OK
  CDC xfer callback
tuh_cdc_rx_cb callback with idx=2
[1] Claimed EP 0x85
  Queue EP 85 with 512 bytes ... 
OK
ello Worldr
Hello Worldr
H... 
OK
[:1] on EP 85 with 95 bytes: OK
  CDC xfer callback
tuh_cdc_rx_cb callback with idx=2
[1] Claimed EP 0x85
  Queue EP 85 with 512 bytes ... 
OK
llo Worldr
Hello Worldr
Hello Worldr
Hello Worldr
Hello Worldr
Hello Worldr
Hellon EP 83 with 2 bytes: OK
  CDC xfer callback
[1] Claimed EP 0x83
512 bytes ... 
OK
[:1] on EP 85 with 94 bytes: OK
  CDC xfer callback
tuh_cdc_rx_cb callback with idx=2
[1] Claimed EP 0x85
  Queue EP 85 with 512 bytes ... 
OK
o Worldr
Hello Worldr
Hello Worldr
Hello Worldr
Hello Worldr
Hello Worldr
Hello W OK
  CDC xfer callback
[1] Claimed EP 0x81
  Queue EP 81 with 512 bytes ... 
OK
[:1] on EP 85 with 94 bytes: OK
  CDC xfer callback
tuh_cdc_rx_cb callback with idx=2
[1] Claimed EP 0x85
  Queue EP 85 with 512 bytes ... 
OK
 Worldr
Hello Worldr
Hello Worldr
Hello Worldr
Hello Worldr
Hello Worldr
Hello Wo: OK
  CDC xfer callback
[1] Claimed EP 0x81
  Queue EP 81 with 512 bytes ... 
OK
[:1] on EP 85 with 94 bytes: OK
  CDC xfer callback
tuh_cdc_rx_cb callback with idx=2
[1] Claimed EP 0x85
  Queue EP 85 with 512 bytes ... 
OK
Worldr
Hello Worldr
Hello Worldr
Hello Worldr
Hello Worldr
Hello Worldr
Hello Wors: OK
  CDC xfer callback
[1] Claimed EP 0x81
  Queue EP 81 with 512 bytes ... 
OK
[:1] on EP 85 with 94 bytes: OK
  CDC xfer callback
tuh_cdc_rx_cb callback with idx=2
[1] Claimed EP 0x85
  Queue EP 85 with 512 bytes ... 
OK
orldr
Hello Worldr
Hello Worldr
Hello Worldr
Hello Worldr
Hen EP 81 with 2 bytes: OK
  CDC xfer callback
[1] Claimed EP 0x81
  Queue EP 81 with 512 bytes ... 
OK
[:1] on EP 85 with 94 bytes: OK
  CDC xfer callback
tuh_cdc_rx_cb callback with idx=2
[1] Claimed EP 0x85
  Queue EP 85 with 512 bytes ... 
OK
rldr
Hello Worldr
Hello Worldr
Hello Worldr
Hello Worldr
Hello Wor81 with 2 bytes: OK
  CDC xfer callback
[1] Claimed EP 0x81
  Queue EP 81 with 512 bytes ... 
OK
[:1] on EP 85 with 94 bytes: OK
  CDC xfer callback
tuh_cdc_rx_cb callback with idx=2
llo Worldr
Hello Worl[:1] on EP 87 with 2 bytes: OK
  CDC xfer callback
[1] Claimed EP 0x87
K
[:1] on EP 85 with 94 bytes: OK
  CDC xfer callback
tuh_cdc_rx_cb callback with idx=2
[1] Claimed EP 0x85
  Queue EP 85 with 512 bytes ... 
OK
dr
Hello Worldr
Hello Worldr
Hello Worldr
Hello Worldr
Hello Worldr
Hello Worldr
 EP 83 with 2 bytes: OK
  CDC xfer callback
[1] Claimed EP 0x83
  Queue EP 83 with 512 bytes ... 
OK
[:1] on EP 81 with 2 bytes: OK
  CDC xfer callback
[1] Claimed EP 0x81
  Queue EP 81 with 512 bytes ... 
OK
[:1] on EP 85 with 94 bytes: OK
  CDC xfer callback
tuh_cdc_rx_cb callback with idx=2
[1] Claimed EP 0x85
  Queue EP back
[1] Claimed EP 0x81
  Queue EP 81 with 512 bytes ... 
OK
[:1] on EP 85 with 95 bytes: OK
  CDC xfer callback
tuh_cdc_rx_cb callback with idx=2
[1] Claimed EP 0x85
  Queue EP 85 with 512 bytes ... 
OK

Hello Worldr
Hello Worldr
Hello Worldr
Hello Worldr
Hello Worldr
Hello Worldr
Hes: OK
  CDC xfer callback
[1] Claimed EP 0x81
  Queue EP 81 with 512 bytes ... 
OK
[:1] on EP 85 with 94 bytes: OK
  CDC xfer callback
tuh_cdc_rx_cb callback with idx=2
[1] Claimed EP 0x85
  Queue EP 85 with 512 bytes ... 
OK
ello Worldr
Hello Worldr
Hello Worldr
Hello Worldr
Hello Woron EP 81 with 2 bytes: OK
  CDC xfer callback
[1] Claimed EP 0x81
  Queue EP 81 with 512 bytes ... 
OK
[:1] on EP 85 with 94 bytes: OK
  CDC xfer callback
tuh_cdc_rx_cb callback with idx=2
[1] Claimed EP 0x85
  Queue EP 85 with 512 bytes ... 
OK
llo Worldr
Hello Worldr
Hello Worldr
Hello Worldr
Hello Worln EP 81 with 2 bytes: OK
  CDC xfer callback
[1] Claimed EP 0x81
  Queue EP 81 with 512 bytes ... 
OK
[:1] on EP 85 with 94 bytes: OK
  CDC xfer callback
tuh_cdc_rx_cb callback with idx=2
[1] Claimed EP 0x85
  Queue EP 85 with 512 bytes ... 
OK
lo Worldr
Hello Worldr
Hel... 
OK
[:1] on EP 85 with 94 bytes: OK
  CDC xfer callback
tuh_cdc_rx_cb callback with idx=2
[1] Claimed EP 0x85
  Queue EP 85 with 512 bytes ... 
OK
o Worldr
Hello Worldr
Hello Worldr
Hello Worldr
Hello Worldr
Hello Worldr
Hello WEP 83 with 2 bytes: OK
  CDC xfer callback

  Queue EP 81 with 512 bytes ... 
OK
[:1] on EP 85 with 94 bytes: OK
  CDC xfer callback
tuh_cdc_rx_cb callback with idx=2
[1] Claimed EP 0x85
  Queue EP 85 with 512 bytes ... 
OK
 Worldr
Hello Worldr
Hello Worldr
Hello Worldr
Hello Worldr
Hello Worldr
Hello Wo EP 83 with 2 bytes: OK
  CDC xfer callback
[1] Claimed EP 0x83
  Queue EP 83 with 512 bytes ... 
OK
[:1] on EP 81 with 2 bytes: OK
  CDC xfer callback
[1] Claimed EP 0x81
  Queue EP 81 with 512 bytes ... 
OK
 bytes ... 
OK
Worldr
Hello Worldr
Hello Worldr
Hello Worldr
Hello Worldr
Hello Worldr
Hello Worldr
Hel  CDC xfer callback
[1] Claimed EP 0x81
  Queue EP 81 with 512 bytes ... 
OK
[:1] on EP 85 with 94 bytes: OK
  CDC xfer callback
tuh_cdc_rx_cb callback with idx=2
[1] Claimed EP 0x85
  Queue EP 85 with 512 bytes ... 
OK
orldr
Hello Worldr
Hello Worldr
Hello Worldr
Hello Worldr
Hello Worldr
Hello Worls: OK
  CDC xfer callback
[1] Claimed EP 0x81
  Queue EP 81 with 512 bytes ... 
OK
[:1] on EP 85 with 95 bytes: OK
  CDC xfer callback
tuh_cdc_rx_cb callback with idx=2
[1] Claimed EP 0x85
  Queue EP 85 with 512 bytes ... 
OK
rldr
Hello Worldr
Hello Worldr
Hello Worldr
Hello Worldr
Hel] on EP 81 with 2 bytes: OK
  CDC xfer callback
[1] Claimed EP 0x81
  Queue EP 81 with 512 bytes ... 
OK
[:1] on EP 85 with 94 bytes: OK
  CDC xfer callback
tuh_cdc_rx_cb callback with idx=2
[1] Claimed EP 0x85
[:1] on EP 87 with 2 bytes: OK
  CDC xfer callback
[1] Claimed EP 0x87
  Queue EP 87 with 512 bytes ... 
OK
2 bytes: OK
  CDC xfer callback
[1] Claimed EP 0x81
  Queue EP 81 with 512 bytes ... 
OK
[:1] on EP 85 with 94 bytes: OK
  CDC xfer callback
tuh_cdc_rx_cb callback with idx=2
[1] Claimed EP 0x85
2 bytes: OK
  CDC xfer callback
[1] Claimed EP 0x83
  Queue EP 83 with 512 bytes ... 
OK
[:1] on EP 81 with 2 bytes: OK
  CDC xfer callback
[1] Claimed EP 0x81
  Queue EP 81 with 512 bytes ... 
OK
[:1] on EP 85 with 94 bytes: OK
  CDC xfer callback
dr
Hello Worldr
Hello Worldr
Hello Worldr
Hello Worldr
[:1] on EP 87 with 2 bytes: OK
  CDC xfer callback
th 512 bytes ... 
OK
[:1] on EP 85 with 94 bytes: OK
  CDC xfer callback
tuh_cdc_rx_cb callback with idx=2
[1] Claimed EP 0x85
  Queue EP 85 with 512 bytes ... 
OK
Hello Worldr
Hello Worldr
Hello Worldr
Hello Worldr
Hello Worldr
Hello Worldr
Hel OK
  CDC xfer callback
[1] Claimed EP 0x81
  Queue EP 81 with 512 bytes ... 
OK
[:1] on EP 85 with 94 bytes: OK
  CDC xfer callback
tuh_cdc_rx_cb callback with idx=2
[1] Claimed EP 0x85
  Queue EP 85 with 512 bytes ... 
OK
ello Worldr
Hello Worldr
Hello Worldr
Hello Worldr
Hello Worldr
Hello Worldr
Hell OK
  CDC xfer callback
[1] Claimed EP 0x81
  Queue EP 81 with 512 bytes ... 
OK
[:1] on EP 85 with 94 bytes: OK
  CDC xfer callback
tuh_cdc_rx_cb callback with idx=2
[1] Claimed EP 0x85
  Queue EP 85 with 512 bytes ... 
OK
llo Worldr
Hello Worldr
Hello Worldr
Hello Worldr
Hello Worldr
Hello Worldr
Hellos: OK
  CDC xfer callback
[1] Claimed EP 0x81
  Queue EP 81 with 512 bytes ... 
OK
[:1] on EP 85 with 94 bytes: OK
  CDC xfer callback
tuh_cdc_rx_cb callback with idx=2
[1] Claimed EP 0x85
  Queue EP 85 with 512 bytes ... 
OK
lo Worldr
Hello Worldr
Hello Worldr
Hello Worldr
Hello Worldon EP 81 with 2 bytes: OK
  CDC xfer callback
[1] Claimed EP 0x81
  Queue EP 81 with 512 bytes ... 
OK
[:1] on EP 85 with 95 bytes: OK
  CDC xfer callback
tuh_cdc_rx_cb callback with idx=2
[1] Claimed EP 0x85
  Queue EP 85 with 512 bytes ... 
OK
o Worldr
Hello Worldr
Hells ... 
OK
[:1] on EP 85 with 94 bytes: OK
  CDC xfer callback
tuh_cdc_rx_cb callback with idx=2
[1] Claimed EP 0x85
  Queue EP 85 with 512 bytes ... 
OK
Worldr
Hello Worldr
Hello Worldr
Hello Worldr
Hello Worldr
Hello Worldr
Hello Wor EP 83 with 2 bytes: OK
  CDC xfer callback
[1] Claimed EP 0x83
512 bytes ... 
OK
[:1] on EP 85 with 94 bytes: OK
  CDC xfer callback
tuh_cdc_rx_cb callback with idx=2
[1] Claimed EP 0x85
  Queue EP 85 with 512 bytes ... 
OK
orldr
Hello Worldr
Hello Worldr
Hello Worldr
Hello Worldr
Hello Worldr
Hello Worl: OK
  CDC xfer callback
[1] Claimed EP 0x81
  Queue EP 81 with 512 bytes ... 
OK
[:1] on EP 85 with 94 bytes: OK
  CDC xfer callback
tuh_cdc_rx_cb callback with idx=2
[1] Claimed EP 0x85
  Queue EP 85 with 512 bytes ... 
OK
rldr
Hello Worldr
Hello Worldr
Hello Worldr
Hello Worldr
Hello Worldr
Hello World: OK
  CDC xfer callback
[1] Claimed EP 0x81
  Queue EP 81 with 512 bytes ... 
OK
[:1] on EP 85 with 94 bytes: OK
  CDC xfer callback
tuh_cdc_rx_cb callback with idx=2
[1] Claimed EP 0x85
  Queue EP 85 with 512 bytes ... 
OK
ldr
Hello Worldr
Hello Worldr
Hello Worldr
Hello Worldr
Hello Worldr
Hello Worldr: OK
  CDC xfer callback
[1] Claimed EP 0x81
  Queue EP 81 with 512 bytes ... 
OK
[:1] on EP 85 with 94 bytes: OK
  CDC xfer callback
tuh_cdc_rx_cb callback with idx=2
[1] Claimed EP 0x85
  Queue EP 85 with 512 bytes ... 
OK
dr
Hello Worldr
Hello Worldr
Hello Worldr
Hello Worldr
Helloon EP 81 with 2 bytes: OK
  CDC xfer callback
[1] Claimed EP 0x81
  Queue EP 81 with 512 bytes ... 
OK
[:1] on EP 85 with 94 bytes: OK
  CDC xfer callback
tuh_cdc_rx_cb callback with idx=2
[1] Claimed EP 0x85
  Queue EP 85 with 512 bytes ... 
OK
r
Hello Worldr
Hello Worldr
Hello Worldr
Hello Worldr
Hello Worldr
Hwith 2 bytes: OK
  CDC xfer callback
[1] Claimed EP 0x81
  Queue EP 81 with 512 bytes ... 
OK
[:1] on EP 85 with 94 bytes: OK
  CDC xfer callback
tuh_cdc_rx_cb callback with idx=2
[1] Claimed EP 0x85
  Queue EP 85 with 512 bytes ... 
OK

Hello Worldr
Hello Worldr... 
OK
[:1] on EP 85 with 94 bytes: OK
  CDC xfer callback
tuh_cdc_rx_cb callback with idx=2
[1] Claimed EP 0x85
  Queue EP 85 with 512 bytes ... 
OK
Hello Worldr
Hello Worldr
Hello Worldr
Hello Worldr
Hello Worldr
Hello Worldr
Hel EP 83 with 2 bytes: OK
  CDC xfer callback
[1] Claimed EP 0x83
  Queue EP 83 with 512 bytes ... 
OK
[:1] on EP 81 with 2 bytes: OK
  CDC xfer callback
[1] Claimed EP 0x81
  Queue EP 81 with 512 bytes ... 
OK
[:1] on EP 85 with 95 bytes: OK
  CDC xfer callback
tuh_cdc_rx_cb callback with idx=2
[1] Claimed EP 0x85
DC xfer callback
[1] Claimed EP 0x81
  Queue EP 81 with 512 bytes ... 
OK
[:1] on EP 85 with 94 bytes: OK
  CDC xfer callback
tuh_cdc_rx_cb callback with idx=2
[1] Claimed EP 0x85
  Queue EP 85 with 512 bytes ... 
OK
lo Worldr
Hello Worldr
Hello Worldr
Hello Worldr
Hello Worldr
Hello Worldr
Hello : OK
  CDC xfer callback
[1] Claimed EP 0x81
  Queue EP 81 with 512 bytes ... 
OK
[:1] on EP 85 with 94 bytes: OK
  CDC xfer callback
tuh_cdc_rx_cb callback with idx=2
[1] Claimed EP 0x85
  Queue EP 85 with 512 bytes ... 
OK
o Worldr
Hello Worldr
Hello Worldr
Hello Worldr
Hello Worldr
Hello Worldr
Hello W OK
  CDC xfer callback
[1] Claimed EP 0x81
  Queue EP 81 with 512 bytes ... 
OK
[:1] on EP 85 with 94 bytes: OK
  CDC xfer callback
tuh_cdc_rx_cb callback with idx=2
[1] Claimed EP 0x85
[:1] on EP 87 with 2 bytes: OK
k
[1] Claimed EP 0x83
  Queue EP 83 with 512 bytes ... 
OK
[:1] on EP 81 with 2 bytes: OK
  CDC xfer callback
[1] Claimed EP 0x81
  Queue EP 81 with 512 bytes ... 
OK
[:1] on EP 85 with 94 bytes: OK
  CDC xfer callback
tuh_cdc_rx_cb callback with idx=2
[1] Claimed EP 0x85
  Queue EP 85 with 512 bytes ... 
OK
Worldr
Hello Worldr
Hello .. 
OK
[:1] on EP 85 with 94 bytes: OK
  CDC xfer callback
tuh_cdc_rx_cb callback with idx=2
[1] Claimed EP 0x85
  Queue EP 85 with 512 bytes ... 
OK
orldr
Hello Worldr
Hello Worldr
Hello Worldr
Hello Worldr
Hello Worldr
Hello WorlEP 83 with 2 bytes: OK
  CDC xfer callback
1
  Queue EP 81 with 512 bytes ... 
OK
[:1] on EP 85 with 94 bytes: OK
  CDC xfer callback
tuh_cdc_rx_cb callback with idx=2
[1] Claimed EP 0x85
  Queue EP 85 with 512 bytes ... 
OK
rldr
Hello Worldr
Hello Worldr
Hello Worldr
Hello Worldr
Hello Worldr
Hello World EP 83 with 2 bytes: OK
  CDC xfer callback
[1] Claimed EP 0x83
  Queue EP 83 with 512 bytes ... 
OK
[:1] on EP 81 with 2 bytes: OK
  CDC xfer callback
[1] Claimed EP 0x81
  Queue EP 81 with 512 bytes ... 
OK
bytes ... 
OK
ldr
Hello Worldr
Hello Worldr
Hello Worldr
Hello Worldr
Hello Worldr
Hello Worldr
Hello Worl xfer callback
[1] Claimed EP 0x81
  Queue EP 81 with 512 bytes ... 
OK
[:1] on EP 85 with 95 bytes: OK
  CDC xfer callback
tuh_cdc_rx_cb callback with idx=2
[1] Claimed EP 0x85
  Queue EP 85 with 512 bytes ... 
OK
dr
Hello Worldr
Hello Worldr
Hello Worldr
Hello Worldr
Hello Worldr
Hello Worldr
es: OK
  CDC xfer callback
[1] Claimed EP 0x81
  Queue EP 81 with 512 bytes ... 
OK
[:1] on EP 85 with 94 bytes: OK
  CDC xfer callback
tuh_cdc_rx_cb callback with idx=2
[1] Claimed EP 0x85
  Queue EP 85 with 512 bytes ... 
OK

Hello Worldr
Hello Worldr
Hello Worldr
Hello Worldr
Hello Won EP 81 with 2 bytes: OK
  CDC xfer callback
[1] Claimed EP 0x81
  Queue EP 81 with 512 bytes ... 
OK
[:1] on EP 85 with 94 bytes: OK
  CDC xfer callback
tuh_cdc_rx_cb callback with idx=2
[1] Claimed EP 0x85
  Queue EP 85 with 512 bytes ... 
OK
Hello Worldr
Hello Worldr
Hello Worldr
Hello Worldr
Hello Woon EP 81 with 2 bytes: OK
  CDC xfer callback
[1] Claimed EP 0x81
  Queue EP 81 with 512 bytes ... 
OK
[:1] on EP 85 with 94 bytes: OK
  CDC xfer callback
tuh_cdc_rx_cb callback with idx=2
[1] Claimed EP 0x85
  Queue EP 85 with 512 bytes ... 
OK
ello Worldr
Hello Worldr
H... 
OK
[:1] on EP 85 with 94 bytes: OK
  CDC xfer callback
tuh_cdc_rx_cb callback with idx=2
[1] Claimed EP 0x85
  Queue EP 85 with 512 bytes ... 
OK
llo Worldr
Hello Worldr
Hello Worldr
Hello Worldr
Hello Worldr
Hello Worldr
HelloEP 83 with 2 bytes: OK
  CDC xfer callback
[1] Claimed EP 0x83
 512 bytes ... 
OK
[:1] on EP 85 with 94 bytes: OK
  CDC xfer callback
tuh_cdc_rx_cb callback with idx=2
[1] Claimed EP 0x85
  Queue EP 85 with 512 bytes ... 
OK
lo Worldr
Hello Worldr
Hello Worldr
Hello Worldr
Hello Worldr
Hello Worldr
Hello s: OK
  CDC xfer callback
[1] Claimed EP 0x81
  Queue EP 81 with 512 bytes ... 
OK
[:1] on EP 85 with 94 bytes: OK
  CDC xfer callback
tuh_cdc_rx_cb callback with idx=2
[1] Claimed EP 0x85
  Queue EP 85 with 512 bytes ... 
OK
o Worldr
Hello Worldr
Hello Worldr
Hello Worldr
Hello Worldr
Hello Worldr
Hello W OK
  CDC xfer callback
[1] Claimed EP 0x81
  Queue EP 81 with 512 bytes ... 
OK
[:1] on EP 85 with 94 bytes: OK
  CDC xfer callback
tuh_cdc_rx_cb callback with idx=2
[1] Claimed EP 0x85
  Queue EP 85 with 512 bytes ... 
OK
 Worldr
Hello Worldr
Hello Worldr
Hello Worldr
Hello Worldr
Hello Worldr
Hello Wos: OK
  CDC xfer callback
[1] Claimed EP 0x81
  Queue EP 81 with 512 bytes ... 
OK
[:1] on EP 85 with 95 bytes: OK
  CDC xfer callback
tuh_cdc_rx_cb callback with idx=2
[1] Claimed EP 0x85
  Queue EP 85 with 512 bytes ... 
OK
Worldr
Hello Worldr
Hello Worldr
Hello Worldr
Hello Worldr
Hon EP 81 with 2 bytes: OK
  CDC xfer callback
[1] Claimed EP 0x81
  Queue EP 81 with 512 bytes ... 
OK
[:1] on EP 85 with 94 bytes: OK
  CDC xfer callback
tuh_cdc_rx_cb callback with idx=2
ello Worldr
Hello Wor[:1] on EP 87 with 2 bytes: OK
  CDC xfer callback
[1] Claimed EP 0x87

[:1] on EP 85 with 94 bytes: OK
  CDC xfer callback
tuh_cdc_rx_cb callback with idx=2
[1] Claimed EP 0x85
  Queue EP 85 with 512 bytes ... 
OK
ldr
Hello Worldr
Hello Worldr
Hello Worldr
Hello Worldr
Hello Worldr
Hello Worldr
Hello Worl[:1] on EP 87 with 2 bytes: OK
  CDC xfer callback
[1] Claimed EP 0x87
  Queue EP 87 with 512 bytes ... 
Oth 2 bytes: OK
  CDC xfer callback
[1] Claimed EP 0x81
  Queue EP 81 with 512 bytes ... 
OK
[:1] on EP 85 with 94 bytes: OK
  CDC xfer callback
rldr
Hello Worldr
Hello Worldr
Hello Worldr
Hello World[:1] on EP 87 with 2 bytes: OK
0x81
  Queue EP 81 with 512 bytes ... 
OK
[:1] on EP 85 with 94 bytes: OK
  CDC xfer callback
tuh_cdc_rx_cb callback with idx=2
[1] Claimed EP 0x85
  Queue EP 85 with 512 bytes ... 
OK
r
Hello Worldr
Hello Worldr
Hello Worldr
Hello Worldr
Hello Worldr
Hello Worldr
Hs: OK
  CDC xfer callback
[1] Claimed EP 0x81
  Queue EP 81 with 512 bytes ... 
OK
[:1] on EP 85 with 94 bytes: OK
  CDC xfer callback
tuh_cdc_rx_cb callback with idx=2
[1] Claimed EP 0x85
  Queue EP 85 with 512 bytes ... 
OK

Hello Worldr
Hello Worldr
Hello Worldr
Hello Worldr
Hello Worldr
Hello Worldr
He: OK
  CDC xfer callback
[1] Claimed EP 0x81
  Queue EP 81 with 512 bytes ... 
OK
[:1] on EP 85 with 94 bytes: OK
  CDC xfer callback
tuh_cdc_rx_cb callback with idx=2
[1] Claimed EP 0x85
  Queue EP 85 with 512 bytes ... 
OK
Hello Worldr
Hello Worldr
Hello Worldr
Hello Worldr
Hello Worldr
Hello Worldr
Hels: OK
  CDC xfer callback
[1] Claimed EP 0x81
  Queue EP 81 with 512 bytes ... 
OK
[:1] on EP 85 with 94 bytes: OK
  CDC xfer callback
tuh_cdc_rx_cb callback with idx=2
[1] Claimed EP 0x85
  Queue EP 85 with 512 bytes ... 
OK
ello Worldr
Hello Worldr
Hello Worldr
Hello Worldr
Hello Woron EP 81 with 2 bytes: OK
  CDC xfer callback
[1] Claimed EP 0x81
  Queue EP 81 with 512 bytes ... 
OK
[:1] on EP 85 with 94 bytes: OK
  CDC xfer callback
tuh_cdc_rx_cb callback with idx=2
[1] Claimed EP 0x85
  Queue EP 85 with 512 bytes ... 
OK
llo Worldr
Hello Worldr
He ... 
OK
[:1] on EP 85 with 95 bytes: OK
  CDC xfer callback
tuh_cdc_rx_cb callback with idx=2
[1] Claimed EP 0x85
  Queue EP 85 with 512 bytes ... 
OK
lo Worldr
Hello Worldr
Hello Worldr
Hello Worldr
Hello Worldr
Hello Worldr
Hello n EP 83 with 2 bytes: OK
  CDC xfer callback
1
  Queue EP 81 with 512 bytes ... 
OK
[:1] on EP 85 with 94 bytes: OK
  CDC xfer callback
tuh_cdc_rx_cb callback with idx=2
[1] Claimed EP 0x85
  Queue EP 85 with 512 bytes ... 
OK
 Worldr
Hello Worldr
Hello Worldr
Hello Worldr
Hello Worldr
Hello Worldr
Hello Wos: OK
  CDC xfer callback
[1] Claimed EP 0x81
  Queue EP 81 with 512 bytes ... 
OK
[:1] on EP 85 with 94 bytes: OK
  CDC xfer callback
tuh_cdc_rx_cb callback with idx=2
[1] Claimed EP 0x85
  Queue EP 85 with 512 bytes ... 
OK
Worldr
Hello Worldr
Hello Worldr
Hello Worldr
Hello Worldr
Hello Worldr
Hello Wor: OK
  CDC xfer callback
[1] Claimed EP 0x81
  Queue EP 81 with 512 bytes ... 
OK
[:1] on EP 85 with 94 bytes: OK
  CDC xfer callback
tuh_cdc_rx_cb callback with idx=2
[1] Claimed EP 0x85
  Queue EP 85 with 512 bytes ... 
OK
orldr
Hello Worldr
Hello Worldr
Hello Worldr
Hello Worldr
Hello Worldr
Hello Worl OK
  CDC xfer callback
[1] Claimed EP 0x81
  Queue EP 81 with 512 bytes ... 
OK
[:1] on EP 85 with 94 bytes: OK
  CDC xfer callback
tuh_cdc_rx_cb callback with idx=2
[1] Claimed EP 0x85
  Queue EP 85 with 512 bytes ... 
OK
rldr
Hello Worldr
Hello Worldr
Hello Worldr
Hello Worldr
Helon EP 81 with 2 bytes: OK
  CDC xfer callback
[1] Claimed EP 0x81
  Queue EP 81 with 512 bytes ... 
OK
[:1] on EP 85 with 94 bytes: OK
  CDC xfer callback
tuh_cdc_rx_cb callback with idx=2
[1] Claimed EP 0x85
  Queue EP 85 with 512 bytes ... 
OK
ldr
Hello Worldr
Hello Worldr
Hello Worldr
Hello Worldr
Hellon EP 81 with 2 bytes: OK
  CDC xfer callback
[1] Claimed EP 0x81
  Queue EP 81 with 512 bytes ... 
OK
[:1] on EP 85 with 94 bytes: OK
  CDC xfer callback
tuh_cdc_rx_cb callback with idx=2
lo Worldr
Hello World[:1] on EP 87 with 2 bytes: OK
  CDC xfer callback
th 512 bytes ... 
OK
[:1] on EP 85 with 94 bytes: OK
  CDC xfer callback
tuh_cdc_rx_cb callback with idx=2
[1] Claimed EP 0x85
  Queue EP 85 with 512 bytes ... 
OK
r
Hello Worldr
Hello Worldr
Hello Worldr
Hello Worldr
Hello Worldr
Hello Worldr
H EP 83 with 2 bytes: OK
  CDC xfer callback
[1] Claimed EP 0x83
512 bytes ... 
OK
[:1] on EP 85 with 95 bytes: OK
  CDC xfer callback
tuh_cdc_rx_cb callback with idx=2
[1] Claimed EP 0x85
  Queue EP 85 with 512 bytes ... 
OK

Hello Worldr
Hello Worldr
Hello Worldr
Hello Worldr
Hello Worldr
Hello Worldr
Hees: OK
  CDC xfer callback
[1] Claimed EP 0x81
  Queue EP 81 with 512 bytes ... 
OK
[:1] on EP 85 with 94 bytes: OK
  CDC xfer callback
tuh_cdc_rx_cb callback with idx=2
[1] Claimed EP 0x85
  Queue EP 85 with 512 bytes ... 
OK
ello Worldr
Hello Worldr
Hello Worldr
Hello Worldr
Hello Worldr
Hello Worldr
Hell OK
  CDC xfer callback
[1] Claimed EP 0x81
  Queue EP 81 with 512 bytes ... 
OK
[:1] on EP 85 with 94 bytes: OK
  CDC xfer callback
tuh_cdc_rx_cb callback with idx=2
[1] Claimed EP 0x85
  Queue EP 85 with 512 bytes ... 
OK
llo Worldr
Hello Worldr
Hello Worldr
Hello Worldr
Hello Worldr
Hello Worldr
Hello OK
  CDC xfer callback
[1] Claimed EP 0x81
  Queue EP 81 with 512 bytes ... 
OK
[:1] on EP 85 with 94 bytes: OK
  CDC xfer callback
tuh_cdc_rx_cb callback with idx=2
[1] Claimed EP 0x85
  Queue EP 85 with 512 bytes ... 
OK
lo Worldr
Hello Worldr
Hello Worldr
Hello Worldr
Hello Worldn EP 81 with 2 bytes: OK
  CDC xfer callback
[1] Claimed EP 0x81
  Queue EP 81 with 512 bytes ... 
OK
[:1] on EP 85 with 94 bytes: OK
  CDC xfer callback
tuh_cdc_rx_cb callback with idx=2
dr
Hello Worldr
Hello[:1] on EP 87 with 2 bytes: OK
  CDC xfer callback
[1] Claimed EP 0x87

[:1] on EP 85 with 94 bytes: OK
  CDC xfer callback
tuh_cdc_rx_cb callback with idx=2
[1] Claimed EP 0x85
  Queue EP 85 with 512 bytes ... 
OK
 Worldr
Hello Worldr
Hello Worldr
Hello Worldr
Hello Worldr
Hello Worldr
Hello Worldr
Hello [:1] on EP 87 with 2 bytes: OK
  CDC xfer callback
[1] Claimed EP 0x87
  Queue EP 87 with 512 bytes ... 
ith 2 bytes: OK
  CDC xfer callback
[1] Claimed EP 0x81
  Queue EP 81 with 512 bytes ... 
OK
[:1] on EP 85 with 94 bytes: OK
  CDC xfer callback
o Worldr
Hello Worldr
Hello Worldr
Hello Worldr
Hello W2 bytes: OK
  CDC xfer callback
[1] Claimed EP 0x83
  Queue EP 83 with 512 bytes ... 
OK
[:1] on EP 81 with 2 bytes: OK
  CDC xfer callback
[1] Claimed EP 0x81
  Queue EP 81 with 512 bytes ... 
OK
[:1] on EP 85 with 94 bytes: OK
  CDC xfer callback
tuh_cdc_rx_cb callback with idx=2
[1] Claimed EP 0x85
  Queue EP back
[1] Claimed EP 0x81
  Queue EP 81 with 512 bytes ... 
OK
[:1] on EP 85 with 95 bytes: OK
  CDC xfer callback
tuh_cdc_rx_cb callback with idx=2
[1] Claimed EP 0x85
  Queue EP 85 with 512 bytes ... 
OK
rldr
Hello Worldr
Hello Worldr
Hello Worldr
Hello Worldr
Hello Worldr
Hello Worlds: OK
  CDC xfer callback
[1] Claimed EP 0x81
  Queue EP 81 with 512 bytes ... 
OK
[:1] on EP 85 with 94 bytes: OK
  CDC xfer callback
tuh_cdc_rx_cb callback with idx=2
[1] Claimed EP 0x85
  Queue EP 85 with 512 bytes ... 
OK
dr
Hello Worldr
Hello Worldr
Hello Worldr
Hello Worldr
Hello Worldr
Hello Worldr
: OK
  CDC xfer callback
[1] Claimed EP 0x81
  Queue EP 81 with 512 bytes ... 
OK
[:1] on EP 85 with 94 bytes: OK
  CDC xfer callback
tuh_cdc_rx_cb callback with idx=2
[1] Claimed EP 0x85
  Queue EP 85 with 512 bytes ... 
OK
r
Hello Worldr
Hello Worldr
Hello Worldr
Hello Worldr
Hello n EP 81 with 2 bytes: OK
  CDC xfer callback
[1] Claimed EP 0x81
  Queue EP 81 with 512 bytes ... 
OK
[:1] on EP 85 with 94 bytes: OK
  CDC xfer callback
tuh_cdc_rx_cb callback with idx=2
[1] Claimed EP 0x85
  Queue EP 85 with 512 bytes ... 
OK

Hello Worldr
Hello Worldr.. 
OK
[:1] on EP 85 with 94 bytes: OK
  CDC xfer callback
tuh_cdc_rx_cb callback with idx=2
[1] Claimed EP 0x85
  Queue EP 85 with 512 bytes ... 
OK
Hello Worldr
Hello Worldr
Hello Worldr
Hello Worldr
Hello Worldr
Hello Worldr
Hel EP 83 with 2 bytes: OK
  CDC xfer callback
1
  Queue EP 81 with 512 bytes ... 
OK
[:1] on EP 85 with 94 bytes: OK
  CDC xfer callback
tuh_cdc_rx_cb callback with idx=2
[1] Claimed EP 0x85
  Queue EP 85 with 512 bytes ... 
OK
ello Worldr
Hello Worldr
Hello Worldr
Hello Worldr
Hello Worldr
Hello Worldr
Hell EP 83 with 2 bytes: OK
  CDC xfer callback
[1] Claimed EP 0x83
  Queue EP 83 with 512 bytes ... 
OK
[:1] on EP 81 with 2 bytes: OK
  CDC xfer callback
[1] Claimed EP 0x81
  Queue EP 81 with 512 bytes ... 
OK
bytes ... 
OK
llo Worldr
Hello Worldr
Hello Worldr
Hello Worldr
Hello Worldr
Hello Worldr
Hello Worldr
HelC xfer callback
[1] Claimed EP 0x81
  Queue EP 81 with 512 bytes ... 
OK
[:1] on EP 85 with 94 bytes: OK
  CDC xfer callback
tuh_cdc_rx_cb callback with idx=2
[1] Claimed EP 0x85
  Queue EP 85 with 512 bytes ... 
OK
lo Worldr
Hello Worldr
Hello Worldr
Hello Worldr
Hello Worldr
Hello Worldr
Hello : OK
  CDC xfer callback
[1] Claimed EP 0x81
  Queue EP 81 with 512 bytes ... 
OK
[:1] on EP 85 with 94 bytes: OK
  CDC xfer callback
tuh_cdc_rx_cb callback with idx=2
[1] Claimed EP 0x85
  Queue EP 85 with 512 bytes ... 
OK
o Worldr
Hello Worldr
Hello Worldr
Hello Worldr
Hello Worldron EP 81 with 2 bytes: OK
  CDC xfer callback
[1] Claimed EP 0x81
  Queue EP 81 with 512 bytes ... 
OK
[:1] on EP 85 with 95 bytes: OK
  CDC xfer callback
tuh_cdc_rx_cb callback with idx=2
rr
Hello Worldr
Hello W[:1] on EP 87 with 2 bytes: OK
  CDC xfer callback
[1] Claimed EP 0x87
  Queue EP 87 with 512 bytes ... 
OK
2 bytes: OK
  CDC xfer callback
[1] Claimed EP 0x81
  Queue EP 81 with 512 bytes ... 
OK
[:1] on EP 85 with 94 bytes: OK
  CDC xfer callback
tuh_cdc_rx_cb callback with idx=2
[1] Claimed EP 0x85
  Queue EP 85 with 512 bytes ... 
OK
orldr
Hello Worldr
Hello Worldr
OK
[:1] on EP 85 with 94 bytes: OK
  CDC xfer callback
tuh_cdc_rx_cb callback with idx=2
[1] Claimed EP 0x85
  Queue EP 85 with 512 bytes ... 
OK
rldr
Hello Worldr
Hello Worldr
Hello Worldr
Hello Worldr
Hello Worldr
Hello World EP 83 with 2 bytes: OK
  CDC xfer callback
[1] Claimed EP 0x83
  Queue EP 83 with 512 bytes ... 
OK
[:1] on EP 81 with 2 bytes: OK
  CDC xfer callback
[1] Claimed EP 0x81
  Queue EP 81 with 512 bytes ... 
OK
[:1] on EP 85 with 94 bytes: OK
  CDC xfer callback
tuh_cdc_rx_cb callback with idx=2
[1] Claimed EP 0x85
  Queue EP 85 wit[1] Claimed EP 0x81
  Queue EP 81 with 512 bytes ... 
OK
[:1] on EP 85 with 94 bytes: OK
  CDC xfer callback
tuh_cdc_rx_cb callback with idx=2
[1] Claimed EP 0x85
  Queue EP 85 with 512 bytes ... 
OK
dr
Hello Worldr
Hello Worldr
Hello Worldr
Hello Worldr
Hello Worldr
Hello Worldr
s: OK
  CDC xfer callback
[1] Claimed EP 0x81
  Queue EP 81 with 512 bytes ... 
OK
[:1] on EP 85 with 94 bytes: OK
  CDC xfer callback
tuh_cdc_rx_cb callback with idx=2
[1] Claimed EP 0x85
  Queue EP 85 with 512 bytes ... 
OK
r
Hello Worldr
Hello Worldr
Hello Worldr
Hello Worldr
Hello  on EP 81 with 2 bytes: OK
  CDC xfer callback
[1] Claimed EP 0x81
  Queue EP 81 with 512 bytes ... 
OK
[:1] on EP 85 with 94 bytes: OK
  CDC xfer callback
tuh_cdc_rx_cb callback with idx=2
[1] Claimed EP 0x85
  Queue EP 85 with 512 bytes ... 
OK

Hello Worldr
Hello Worldr
Hello Worldr
Hello Worldr
Hello Won EP 81 with 2 bytes: OK
  CDC xfer callback
[1] Claimed EP 0x81
  Queue EP 81 with 512 bytes ... 
OK
[:1] on EP 85 with 94 bytes: OK
  CDC xfer callback
tuh_cdc_rx_cb callback with idx=2
[1] Claimed EP 0x85
  Queue EP 85 with 512 bytes ... 
OK
Hello Worldr
Hello Worldr
.. 
OK
[:1] on EP 85 with 95 bytes: OK
  CDC xfer callback
tuh_cdc_rx_cb callback with idx=2
[1] Claimed EP 0x85
  Queue EP 85 with 512 bytes ... 
OK
ello Worldr
Hello Worldr
Hello Worldr
Hello Worldr
Hello Worldr
Hello Worldr
Helln EP 83 with 2 bytes: OK
  CDC xfer callback
[1] Claimed EP 0x83
512 bytes ... 
OK
[:1] on EP 85 with 94 bytes: OK
  CDC xfer callback
tuh_cdc_rx_cb callback with idx=2
[1] Claimed EP 0x85
  Queue EP 85 with 512 bytes ... 
OK
lo Worldr
Hello Worldr
Hello Worldr
Hello Worldr
Hello Worldr
Hello Worldr
Hello  OK
  CDC xfer callback
[1] Claimed EP 0x81
  Queue EP 81 with 512 bytes ... 
OK
[:1] on EP 85 with 94 bytes: OK
  CDC xfer callback
tuh_cdc_rx_cb callback with idx=2
[1] Claimed EP 0x85
  Queue EP 85 with 512 bytes ... 
OK
o Worldr
Hello Worldr
Hello Worldr
Hello Worldr
Hello Worldr
Hello Worldr
Hello W OK
  CDC xfer callback
[1] Claimed EP 0x81
  Queue EP 81 with 512 bytes ... 
OK
[:1] on EP 85 with 94 bytes: OK
  CDC xfer callback
tuh_cdc_rx_cb callback with idx=2
[1] Claimed EP 0x85
  Queue EP 85 with 512 bytes ... 
OK
 Worldr
Hello Worldr
Hello Worldr
Hello Worldr
Hello Worldr
Hello Worldr
Hello Wo: OK
  CDC xfer callback
[1] Claimed EP 0x81
  Queue EP 81 with 512 bytes ... 
OK
[:1] on EP 85 with 94 bytes: OK
  CDC xfer callback
tuh_cdc_rx_cb callback with idx=2
[1] Claimed EP 0x85
  Queue EP 85 with 512 bytes ... 
OK
Worldr
Hello Worldr
Hello Worldr
Hello Worldr
Hello Worldr
Hn EP 81 with 2 bytes: OK
  CDC xfer callback
[1] Claimed EP 0x81
  Queue EP 81 with 512 bytes ... 
OK
[:1] on EP 85 with 94 bytes: OK
  CDC xfer callback
tuh_cdc_rx_cb callback with idx=2
[1] Claimed EP 0x85
  Queue EP 85 with 512 bytes ... 
OK
orldr
Hello Worldr
Hello Worldr
Hello Worldr
Hello Worldr
Heon EP 81 with 2 bytes: OK
  CDC xfer callback
[1] Claimed EP 0x81
  Queue EP 81 with 512 bytes ... 
OK
[:1] on EP 85 with 94 bytes: OK
  CDC xfer callback
tuh_cdc_rx_cb callback with idx=2
[1] Claimed EP 0x85
  Queue EP 85 with 512 bytes ... 
OK
rldr
Hello Worldr
Hello Wo.. 
OK
[:1] on EP 85 with 94 bytes: OK
  CDC xfer callback
tuh_cdc_rx_cb callback with idx=2
[1] Claimed EP 0x85
  Queue EP 85 with 512 bytes ... 
OK
ldr
Hello Worldr
Hello Worldr
Hello Worldr
Hello Worldr
Hello Worldr
Hello Worldr EP 83 with 2 bytes: OK
  CDC xfer callback
[1] Claimed EP 0x83
512 bytes ... 
OK
[:1] on EP 85 with 95 bytes: OK
  CDC xfer callback
tuh_cdc_rx_cb callback with idx=2
[1] Claimed EP 0x85
  Queue EP 85 with 512 bytes ... 
OK
dr
Hello Worldr
Hello Worldr
Hello Worldr
Hello Worldr
Hello Worldr
Hello Worldr
: OK
  CDC xfer callback
[1] Claimed EP 0x81
  Queue EP 81 with 512 bytes ... 
OK
[:1] on EP 85 with 94 bytes: OK
  CDC xfer callback
tuh_cdc_rx_cb callback with idx=2
[1] Claimed EP 0x85
  Queue EP 85 with 512 bytes ... 
OK

Hello Worldr
Hello Worldr
Hello Worldr
Hello Worldr
Hello Worldr
Hello Worldr
He OK
  CDC xfer callback
[1] Claimed EP 0x81
  Queue EP 81 with 512 bytes ... 
OK
[:1] on EP 85 with 94 bytes: OK
  CDC xfer callback
tuh_cdc_rx_cb callback with idx=2
[1] Claimed EP 0x85
  Queue EP 85 with 512 bytes ... 
OK
Hello Worldr
Hello Worldr
Hello Worldr
Hello Worldr
Hello Worldr
Hello Worldr
Hels: OK
  CDC xfer callback
[1] Claimed EP 0x81
  Queue EP 81 with 512 bytes ... 
OK
[:1] on EP 85 with 94 bytes: OK
  CDC xfer callback
tuh_cdc_rx_cb callback with idx=2
[1] Claimed EP 0x85
  Queue EP 85 with 512 bytes ... 
OK
ello Worldr
Hello Worldr
Hello Worldr
Hello Worldr
Hello Woron EP 81 with 2 bytes: OK
  CDC xfer callback
[1] Claimed EP 0x81
  Queue EP 81 with 512 bytes ... 
OK
[:1] on EP 85 with 94 bytes: OK
  CDC xfer callback
tuh_cdc_rx_cb callback with idx=2
rldr
Hello Worldr
Hel[:1] on EP 87 with 2 bytes: OK
  CDC xfer callback
[1] Claimed EP 0x87
K
[:1] on EP 85 with 94 bytes: OK
  CDC xfer callback
tuh_cdc_rx_cb callback with idx=2
[1] Claimed EP 0x85
  Queue EP 85 with 512 bytes ... 
OK
lo Worldr
Hello Worldr
Hello Worldr
Hello Worldr
Hello Worldr
Hello Worldr
Hello Worldr
Hell[:1] on EP 87 with 2 bytes: OK
  CDC xfer callback
[1] Claimed EP 0x87
  Queue EP 87 with 512 bytes ... 
ith 2 bytes: OK
  CDC xfer callback
[1] Claimed EP 0x81
  Queue EP 81 with 512 bytes ... 
OK
[:1] on EP 85 with 94 bytes: OK
  CDC xfer callback
llo Worldr
Hello Worldr
Hello Worldr
Hello Worldr
Hello[:1] on EP 87 with 2 bytes: OK
  CDC xfer callback
ith 512 bytes ... 
OK
[:1] on EP 85 with 94 bytes: OK
  CDC xfer callback
tuh_cdc_rx_cb callback with idx=2
[1] Claimed EP 0x85
  Queue EP 85 with 512 bytes ... 
OK
 Worldr
Hello Worldr
Hello Worldr
Hello Worldr
Hello Worldr
Hello Worldr
Hello Wo: OK
  CDC xfer callback
[1] Claimed EP 0x81
  Queue EP 81 with 512 bytes ... 
OK
[:1] on EP 85 with 95 bytes: OK
  CDC xfer callback
tuh_cdc_rx_cb callback with idx=2
[1] Claimed EP 0x85
  Queue EP 85 with 512 bytes ... 
OK
Worldr
Hello Worldr
Hello Worldr
Hello Worldr
Hello Worldr
Hello Worldr
Hello Wors: OK
  CDC xfer callback
[1] Claimed EP 0x81
  Queue EP 81 with 512 bytes ... 
OK
[:1] on EP 85 with 94 bytes: OK
  CDC xfer callback
tuh_cdc_rx_cb callback with idx=2
[1] Claimed EP 0x85
  Queue EP 85 with 512 bytes ... 
OK
rldr
Hello Worldr
Hello Worldr
Hello Worldr
Hello Worldr
Hello Worldr
Hello World OK
  CDC xfer callback
[1] Claimed EP 0x81
  Queue EP 81 with 512 bytes ... 
OK
[:1] on EP 85 with 94 bytes: OK
  CDC xfer callback
tuh_cdc_rx_cb callback with idx=2
[1] Claimed EP 0x85
  Queue EP 85 with 512 bytes ... 
OK
ldr
Hello Worldr
Hello Worldr
Hello Worldr
Hello Worldr
Helln EP 81 with 2 bytes: OK
  CDC xfer callback
[1] Claimed EP 0x81
  Queue EP 81 with 512 bytes ... 
OK
[:1] on EP 85 with 94 bytes: OK
  CDC xfer callback
tuh_cdc_rx_cb callback with idx=2
[1] Claimed EP 0x85
  Queue EP 85 with 512 bytes ... 
OK
dr
Hello Worldr
Hello Worl.. 
OK
[:1] on EP 85 with 94 bytes: OK
  CDC xfer callback
tuh_cdc_rx_cb callback with idx=2
[1] Claimed EP 0x85
  Queue EP 85 with 512 bytes ... 
OK
r
Hello Worldr
Hello Worldr
Hello Worldr
Hello Worldr
Hello Worldr
Hello Worldr
HEP 83 with 2 bytes: OK
  CDC xfer callback
[1] Claimed EP 0x83
 512 bytes ... 
OK
[:1] on EP 85 with 94 bytes: OK
  CDC xfer callback
tuh_cdc_rx_cb callback with idx=2
[1] Claimed EP 0x85
  Queue EP 85 with 512 bytes ... 
OK

Hello Worldr
Hello Worldr
Hello Worldr
Hello Worldr
Hello Worldr
Hello Worldr
He EP 83 with 2 bytes: OK
  CDC xfer callback
[1] Claimed EP 0x83
  Queue EP 83 with 512 bytes ... 
OK
[:1] on EP 81 with 2 bytes: OK
  CDC xfer callback
[1] Claimed EP 0x81
  Queue EP 81 with 512 bytes ... 
OK
[:1] on EP 85 with 94 bytes: OK
  CDC xfer callback
tuh_cdc_rx_cb callback with idx=2
[1] Claimed EP 0x85
  Queue EP ck
[1] Claimed EP 0x81
  Queue EP 81 with 512 bytes ... 
OK
[:1] on EP 85 with 94 bytes: OK
  CDC xfer callback
tuh_cdc_rx_cb callback with idx=2
[1] Claimed EP 0x85
  Queue EP 85 with 512 bytes ... 
OK
ello Worldr
Hello Worldr
Hello Worldr
Hello Worldr
Hello Worldr
Hello Worldr
Hells: OK
  CDC xfer callback
[1] Claimed EP 0x81
  Queue EP 81 with 512 bytes ... 
OK
[:1] on EP 85 with 95 bytes: OK
  CDC xfer callback
tuh_cdc_rx_cb callback with idx=2
[1] Claimed EP 0x85
  Queue EP 85 with 512 bytes ... 
OK
llo Worldr
Hello Worldr
Hello Worldr
Hello Worldr
Hello Worldr
Hello Worldr
Hellos: OK
  CDC xfer callback
[1] Claimed EP 0x83
  Queue EP 83 with 512 bytes ... 
OK
[:1] on EP 85 with 94 bytes: OK
  CDC xfer callback
tuh_cdc_rx_cb callback with idx=2
[1] Claimed EP 0x85
  Queue EP 85 with 512 bytes ... 
OK
o Worldr
Hello Worldr
Hell... 
OK
[:1] on EP 85 with 94 bytes: OK
  CDC xfer callback
tuh_cdc_rx_cb callback with idx=2
[1] Claimed EP 0x85
  Queue EP 85 with 512 bytes ... 
OK
 Worldr
Hello Worldr
Hello Worldr
Hello Worldr
Hello Worldr
Hello Worldr
Hello Worldr
Hello [:1] on EP 83 with 2 bytes: OK
  CDC xfer callback
[1] Claimed EP 0x83
 512 bytes ... 
OK
[:1] on EP 87 with 2 bytes: OK
  CDC xfer callback
[1] Claimed EP 0x87
  Queue EP 87 with 512 bytes ... 
OK
[:1] on EP 85 with 94 bytes: OK
  CDC xfer callback
tuh_cdc_rx_cb callback with idx=2
[1] Claimed EP 0x85
  Queue EP 85 with 512 bytes ... 
OK
Worldr
Hello Worldr
Hello Wo.. 
OK
[:1] on EP 85 with 94 bytes: OK
  CDC xfer callback
tuh_cdc_rx_cb callback with idx=2
[1] Claimed EP 0x85
  Queue EP 85 with 512 bytes ... 
OK
orldr
Hello Worldr
Hello Worldr
Hello Worldr
Hello Worldr
Hello Worldr
Hello Worldr
Hello WoC xfer callback
[1] Claimed EP 0x81
  Queue EP 81 with 512 bytes ... 
OK
[:1] on EP 85 with 94 bytes: OK
  CDC xfer callback
tuh_cdc_rx_cb callback with idx=2
[1] Claimed EP 0x85
  Queue EP 85 with 512 bytes ... 
OK
rldr
Hello Worldr
Hello Worldr
Hello Worldr
Hello Worldr
Hello Worldr
Hello World: OK
  CDC xfer callback
[1] Claimed EP 0x81
  Queue EP 81 with 512 bytes ... 
OK
[:1] on EP 85 with 94 bytes: OK
  CDC xfer callback
tuh_cdc_rx_cb callback with idx=2
[1] Claimed EP 0x85
  Queue EP 85 with 512 bytes ... 
OK
ldr
Hello Worldr
Hello Worldr
Hello Worldr
Hello Worldr
Hello Worldr
Hello Worldrs: OK
  CDC xfer callback
[1] Claimed EP 0x81
  Queue EP 81 with 512 bytes ... 
OK
[:1] on EP 85 with 94 bytes: OK
  CDC xfer callback
tuh_cdc_rx_cb callback with idx=2
[1] Claimed EP 0x85
  Queue EP 85 with 512 bytes ... 
OK
dr
Hello Worldr
Hello Worldr
Hello Worldr
Hello Worldr
Hello on EP 81 with 2 bytes: OK
  CDC xfer callback
[1] Claimed EP 0x81
  Queue EP 81 with 512 bytes ... 
OK
[:1] on EP 85 with 94 bytes: OK
  CDC xfer callback
tuh_cdc_rx_cb callback with idx=2
[1] Claimed EP 0x85
  Queue EP 85 with 512 bytes ... 
OK
r
Hello Worldr
Hello World... 
OK
[:1] on EP 85 with 95 bytes: OK
  CDC xfer callback
tuh_cdc_rx_cb callback with idx=2
[1] Claimed EP 0x85
  Queue EP 85 with 512 bytes ... 
OK

Hello Worldr
Hello Worldr
Hello Worldr
Hello Worldr
Hello Worldr
Hello Worldr
Hen EP 83 with 2 bytes: OK
  CDC xfer callback
[1] Claimed EP 0x83
  Queue EP 83 with 512 bytes ... 
OK
[:1] on EP 81 with 2 bytes: OK
  CDC xfer callback
[1] Claimed EP 0x81
  Queue EP 81 with 512 bytes ... 
OK
[:1] on EP 85 with 94 bytes: OK
  CDC xfer callback
tuh_cdc_rx_cb callback with idx=2
[1] Claimed EP 0x85
 xfer callback
[1] Claimed EP 0x81
  Queue EP 81 with 512 bytes ... 
OK
[:1] on EP 85 with 94 bytes: OK
  CDC xfer callback
tuh_cdc_rx_cb callback with idx=2
[1] Claimed EP 0x85
  Queue EP 85 with 512 bytes ... 
OK
llo Worldr
Hello Worldr
Hello Worldr
Hello Worldr
Hello Worldr
Hello Worldr
Hello: OK
  CDC xfer callback
[1] Claimed EP 0x81
  Queue EP 81 with 512 bytes ... 
OK
[:1] on EP 85 with 94 bytes: OK
  CDC xfer callback
tuh_cdc_rx_cb callback with idx=2
[1] Claimed EP 0x85
  Queue EP 85 with 512 bytes ... 
OK
lo Worldr
Hello Worldr
Hello Worldr
Hello Worldr
Hello Worldr
Hello Worldr
Hello  OK
  CDC xfer callback
[1] Claimed EP 0x81
  Queue EP 81 with 512 bytes ... 
OK
[:1] on EP 85 with 94 bytes: OK
  CDC xfer callback
tuh_cdc_rx_cb callback with idx=2
[1] Claimed EP 0x85
  Queue EP 85 with 512 bytes ... 
OK
o Worldr
Hello Worldr
Hello Worldr
Hello Worldr
Hello Worldron EP 81 with 2 bytes: OK
  CDC xfer callback
[1] Claimed EP 0x81
  Queue EP 81 with 512 bytes ... 
OK
[:1] on EP 85 with 94 bytes: OK
  CDC xfer callback
tuh_cdc_rx_cb callback with idx=2
[1] Claimed EP 0x85
  Queue EP 85 with 512 bytes ... 
OK
 Worldr
Hello Worldr
Hello ... 
OK
[:1] on EP 85 with 94 bytes: OK
  CDC xfer callback
tuh_cdc_rx_cb callback with idx=2
[1] Claimed EP 0x85
  Queue EP 85 with 512 bytes ... 
OK
Worldr
Hello Worldr
Hello Worldr
Hello Worldr
Hello Worldr
Hello Worldr
Hello Wor EP 83 with 2 bytes: OK
  CDC xfer callback
[1] Claimed EP 0x83
512 bytes ... 
OK
[:1] on EP 85 with 94 bytes: OK
  CDC xfer callback
tuh_cdc_rx_cb callback with idx=2
[1] Claimed EP 0x85
  Queue EP 85 with 512 bytes ... 
OK
orldr
Hello Worldr
Hello Worldr
Hello Worldr
Hello Worldr
Hello Worldr
Hello WorlEP 83 with 2 bytes: OK
  CDC xfer callback
[1] Claimed EP 0x83
  Queue EP 83 with 512 bytes ... 
OK
[:1] on EP 81 with 2 bytes: OK
  CDC xfer callback
[1] Claimed EP 0x81
  Queue EP 81 with 512 bytes ... 
OK
 bytes ... 
OK
rldr
Hello Worldr
Hello Worldr
Hello Worldr
Hello Worldr
Hello Worldr
Hello Worldr
Hello Worxfer callback
[1] Claimed EP 0x81
  Queue EP 81 with 512 bytes ... 
OK
[:1] on EP 85 with 95 bytes: OK
  CDC xfer callback
tuh_cdc_rx_cb callback with idx=2
[1] Claimed EP 0x85
  Queue EP 85 with 512 bytes ... 
OK
ldr
Hello Worldr
Hello Worldr
Hello Worldr
Hello Worldr
Hello Worldr
Hello Worldres: OK
  CDC xfer callback
[1] Claimed EP 0x81
  Queue EP 81 with 512 bytes ... 
OK
[:1] on EP 85 with 94 bytes: OK
  CDC xfer callback
tuh_cdc_rx_cb callback with idx=2
[1] Claimed EP 0x85
  Queue EP 85 with 512 bytes ... 
OK
r
Hello Worldr
Hello Worldr
Hello Worldr
Hello Worldr
Hello  on EP 81 with 2 bytes: OK
  CDC xfer callback
[1] Claimed EP 0x81
  Queue EP 81 with 512 bytes ... 
OK
[:1] on EP 85 with 94 bytes: OK
  CDC xfer callback
tuh_cdc_rx_cb callback with idx=2
[1] Claimed EP 0x85
  Queue EP 85 with 512 bytes ... 
OK

Hello Worldr
Hello Worldr
Hello Worldr
Hello Worldr
Hello Wn EP 81 with 2 bytes: OK
  CDC xfer callback
[1] Claimed EP 0x81
  Queue EP 81 with 512 bytes ... 
OK
[:1] on EP 85 with 94 bytes: OK
  CDC xfer callback
tuh_cdc_rx_cb callback with idx=2
[1] Claimed EP 0x85
  Queue EP 85 with 512 bytes ... 
OK
Hello Worldr
Hello Worldr
 ... 
OK
[:1] on EP 85 with 94 bytes: OK
  CDC xfer callback
tuh_cdc_rx_cb callback with idx=2
[1] Claimed EP 0x85
  Queue EP 85 with 512 bytes ... 
OK
ello Worldr
Hello Worldr
Hello Worldr
Hello Worldr
Hello Worldr
Hello Worldr
Hell EP 83 with 2 bytes: OK
  CDC xfer callback
[1] Claimed EP 0x83
512 bytes ... 
OK
[:1] on EP 85 with 94 bytes: OK
  CDC xfer callback
tuh_cdc_rx_cb callback with idx=2
[1] Claimed EP 0x85
  Queue EP 85 with 512 bytes ... 
OK
llo Worldr
Hello Worldr
Hello Worldr
Hello Worldr
Hello Worldr
Hello Worldr
Hello: OK
  CDC xfer callback
[1] Claimed EP 0x81
  Queue EP 81 with 512 bytes ... 
OK
[:1] on EP 85 with 94 bytes: OK
  CDC xfer callback
tuh_cdc_rx_cb callback with idx=2
[1] Claimed EP 0x85
  Queue EP 85 with 512 bytes ... 
OK
lo Worldr
Hello Worldr
Hello Worldr
Hello Worldr
Hello Worldr
Hello Worldr
Hello : OK
  CDC xfer callback
[1] Claimed EP 0x81
  Queue EP 81 with 512 bytes ... 
OK
[:1] on EP 85 with 94 bytes: OK
  CDC xfer callback
tuh_cdc_rx_cb callback with idx=2
[1] Claimed EP 0x85
  Queue EP 85 with 512 bytes ... 
OK
o Worldr
Hello Worldr
Hello Worldr
Hello Worldr
Hello Worldr
Hello Worldr
Hello Ws: OK
  CDC xfer callback
[1] Claimed EP 0x81
  Queue EP 81 with 512 bytes ... 
OK
[:1] on EP 85 with 95 bytes: OK
  CDC xfer callback
tuh_cdc_rx_cb callback with idx=2
[1] Claimed EP 0x85
  Queue EP 85 with 512 bytes ... 
OK
 Worldr
Hello Worldr
Hello Worldr
Hello Worldr
Hello Worldr
on EP 81 with 2 bytes: OK
  CDC xfer callback
[1] Claimed EP 0x81
  Queue EP 81 with 512 bytes ... 
OK
[:1] on EP 85 with 94 bytes: OK
  CDC xfer callback
tuh_cdc_rx_cb callback with idx=2
[1] Claimed EP 0x85
  Queue EP 85 with 512 bytes ... 
OK
orldr
Hello Worldr
Hello Worldr
Hello Worldr
Hello Worldr
Hello Worlwith 2 bytes: OK
  CDC xfer callback
[1] Claimed EP 0x81
  Queue EP 81 with 512 bytes ... 
OK
[:1] on EP 85 with 94 bytes: OK
  CDC xfer callback
tuh_cdc_rx_cb callback with idx=2
ello Worldr
Hello Wor[:1] on EP 87 with 2 bytes: OK
  CDC xfer callback
[1] Claimed EP 0x87
K
[:1] on EP 85 with 94 bytes: OK
  CDC xfer callback
tuh_cdc_rx_cb callback with idx=2
[1] Claimed EP 0x85
  Queue EP 85 with 512 bytes ... 
OK
ldr
Hello Worldr
Hello Worldr
Hello Worldr
Hello Worldr
Hello Worldr
Hello WorldrEP 83 with 2 bytes: OK
  CDC xfer callback
[1] Claimed EP 0x83
  Queue EP 83 with 512 bytes ... 
OK
[:1] on EP 81 with 2 bytes: OK
  CDC xfer callback
[1] Claimed EP 0x81
  Queue EP 81 with 512 bytes ... 
OK
[:1] on EP 85 with 94 bytes: OK
  CDC xfer callback
tuh_cdc_rx_cb callback with idx=2
[1] Claimed EP 0x85
C xfer callback
[1] Claimed EP 0x81
  Queue EP 81 with 512 bytes ... 
OK
[:1] on EP 85 with 94 bytes: OK
  CDC xfer callback
tuh_cdc_rx_cb callback with idx=2
[1] Claimed EP 0x85
  Queue EP 85 with 512 bytes ... 
OK
r
Hello Worldr
Hello Worldr
Hello Worldr
Hello Worldr
Hello Worldr
Hello Worldr
Hs: OK
  CDC xfer callback
[1] Claimed EP 0x81
  Queue EP 81 with 512 bytes ... 
OK
[:1] on EP 85 with 94 bytes: OK
  CDC xfer callback
tuh_cdc_rx_cb callback with idx=2
[1] Claimed EP 0x85
  Queue EP 85 with 512 bytes ... 
OK

Hello Worldr
Hello Worldr
Hello Worldr
Hello Worldr
Hello Worldr
Hello Worldr
Hes: OK
  CDC xfer callback
[1] Claimed EP 0x81
  Queue EP 81 with 512 bytes ... 
OK
[:1] on EP 85 with 94 bytes: OK
  CDC xfer callback
tuh_cdc_rx_cb callback with idx=2
[1] Claimed EP 0x85
[:1] on EP 87 with 2 bytes: OK
  CDC xfer callback
3
  Queue EP 83 with 512 bytes ... 
OK
[:1] on EP 81 with 2 bytes: OK
  CDC xfer callback
[1] Claimed EP 0x81
  Queue EP 81 with 512 bytes ... 
OK
[:1] on EP 85 with 95 bytes: OK
  CDC xfer callback
tuh_cdc_rx_cb callback with idx=2
[1] Claimed EP 0x85
  Queue EP 85 with 512 bytes ... 
OK
ello Worldr
Hello Worldr
Hs ... 
OK
[:1] on EP 85 with 94 bytes: OK
  CDC xfer callback
tuh_cdc_rx_cb callback with idx=2
[1] Claimed EP 0x85
  Queue EP 85 with 512 bytes ... 
OK
lo Worldr
Hello Worldr
Hello Worldr
Hello Worldr
Hello Worldr
Hello Worldr
Hello  EP 83 with 2 bytes: OK
  CDC xfer callback
[1] Claimed EP 0x83
 512 bytes ... 
OK
[:1] on EP 85 with 94 bytes: OK
  CDC xfer callback
tuh_cdc_rx_cb callback with idx=2
[1] Claimed EP 0x85
  Queue EP 85 with 512 bytes ... 
OK
o Worldr
Hello Worldr
Hello Worldr
Hello Worldr
Hello Worldr
Hello Worldr
Hello W OK
  CDC xfer callback
[1] Claimed EP 0x81
  Queue EP 81 with 512 bytes ... 
OK
[:1] on EP 85 with 94 bytes: OK
  CDC xfer callback
tuh_cdc_rx_cb callback with idx=2
[1] Claimed EP 0x85
  Queue EP 85 with 512 bytes ... 
OK
 Worldr
Hello Worldr
Hello Worldr
Hello Worldr
Hello Worldr
Hello Worldr
Hello Wos: OK
  CDC xfer callback
[1] Claimed EP 0x81
  Queue EP 81 with 512 bytes ... 
OK
[:1] on EP 85 with 94 bytes: OK
  CDC xfer callback
tuh_cdc_rx_cb callback with idx=2
[1] Claimed EP 0x85
  Queue EP 85 with 512 bytes ... 
OK
Worldr
Hello Worldr
Hello Worldr
Hello Worldr
Hello Worldr
Hello Worldr
Hello Wor OK
  CDC xfer callback
[1] Claimed EP 0x81
  Queue EP 81 with 512 bytes ... 
OK
[:1] on EP 85 with 94 bytes: OK
  CDC xfer callback
tuh_cdc_rx_cb callback with idx=2
[1] Claimed EP 0x85
  Queue EP 85 with 512 bytes ... 
OK
orldr
Hello Worldr
Hello Worldr
Hello Worldr
Hello Worldr
Hen EP 81 with 2 bytes: OK
  CDC xfer callback
[1] Claimed EP 0x81
  Queue EP 81 with 512 bytes ... 
OK
[:1] on EP 85 with 94 bytes: OK
  CDC xfer callback
tuh_cdc_rx_cb callback with idx=2
[1] Claimed EP 0x85
  Queue EP 85 with 512 bytes ... 
OK
rldr
Hello Worldr
Hello Worldr
Hello Worldr
Hello Worldr
Hello EP 81 with 2 bytes: OK
  CDC xfer callback
[1] Claimed EP 0x81
  Queue EP 81 with 512 bytes ... 
OK
[:1] on EP 85 with 94 bytes: OK
  CDC xfer callback
tuh_cdc_rx_cb callback with idx=2
llo Worldr
Hello Worl[:1] on EP 87 with 2 bytes: OK
  CDC xfer callback
[1] Claimed EP 0x87
K
[:1] on EP 85 with 94 bytes: OK
  CDC xfer callback
tuh_cdc_rx_cb callback with idx=2
[1] Claimed EP 0x85
  Queue EP 85 with 512 bytes ... 
OK
dr
Hello Worldr
Hello Worldr
Hello Worldr
Hello Worldr
Hello Worldr
Hello Worldr
 EP 83 with 2 bytes: OK
  CDC xfer callback
[1] Claimed EP 0x83
  Queue EP 83 with 512 bytes ... 
OK
[:1] on EP 81 with 2 bytes: OK
  CDC xfer callback
[1] Claimed EP 0x81
  Queue EP 81 with 512 bytes ... 
OK
[:1] on EP 85 with 95 bytes: OK
  CDC xfer callback
tuh_cdc_rx_cb callback with idx=2
[1] Claimed EP 0x85
C xfer callback
[1] Claimed EP 0x81
  Queue EP 81 with 512 bytes ... 
OK
[:1] on EP 85 with 94 bytes: OK
  CDC xfer callback
tuh_cdc_rx_cb callback with idx=2
[1] Claimed EP 0x85
  Queue EP 85 with 512 bytes ... 
OK
Hello Worldr
Hello Worldr
Hello Worldr
Hello Worldr
Hello Worldr
Hello Worldr
Hel: OK
  CDC xfer callback
[1] Claimed EP 0x81
  Queue EP 81 with 512 bytes ... 
OK
[:1] on EP 85 with 94 bytes: OK
  CDC xfer callback
tuh_cdc_rx_cb callback with idx=2
[1] Claimed EP 0x85
  Queue EP 85 with 512 bytes ... 
OK
ello Worldr
Hello Worldr
Hello Worldr
Hello Worldr
Hello Worldr
Hello Worldr
Hells: OK
  CDC xfer callback
[1] Claimed EP 0x81
  Queue EP 81 with 512 bytes ... 
OK
[:1] on EP 85 with 94 bytes: OK
  CDC xfer callback
tuh_cdc_rx_cb callback with idx=2
[1] Claimed EP 0x85
  Queue EP 85 with 512 bytes ... 
OK
llo Worldr
Hello Worldr
Hello Worldr
Hello Worldr
Hello Worlon EP 81 with 2 bytes: OK
  CDC xfer callback
[1] Claimed EP 0x81
  Queue EP 81 with 512 bytes ... 
OK
[:1] on EP 85 with 94 bytes: OK
  CDC xfer callback
tuh_cdc_rx_cb callback with idx=2
[1] Claimed EP 0x85
  Queue EP 85 with 512 bytes ... 
OK
lo Worldr
Hello Worldr
Hel... 
OK
[:1] on EP 85 with 94 bytes: OK
  CDC xfer callback
tuh_cdc_rx_cb callback with idx=2
[1] Claimed EP 0x85
  Queue EP 85 with 512 bytes ... 
OK
o Worldr
Hello Worldr
Hello Worldr
Hello Worldr
Hello Worldr
Hello Worldr
Hello W EP 83 with 2 bytes: OK
  CDC xfer callback

  Queue EP 81 with 512 bytes ... 
OK
[:1] on EP 85 with 94 bytes: OK
  CDC xfer callback
tuh_cdc_rx_cb callback with idx=2
[1] Claimed EP 0x85
  Queue EP 85 with 512 bytes ... 
OK
 Worldr
Hello Worldr
Hello Worldr
Hello Worldr
Hello Worldr
Hello Worldr
Hello WoEP 83 with 2 bytes: OK
  CDC xfer callback
[1] Claimed EP 0x83
  Queue EP 83 with 512 bytes ... 
OK
[:1] on EP 81 with 2 bytes: OK
  CDC xfer callback
[1] Claimed EP 0x81
  Queue EP 81 with 512 bytes ... 
OK
 bytes ... 
OK
Worldr
Hello Worldr
Hello Worldr
Hello Worldr
Hello Worldr
Hello Worldr
Hello Worldr
Hello W xfer callback
[1] Claimed EP 0x81
  Queue EP 81 with 512 bytes ... 
OK
[:1] on EP 85 with 95 bytes: OK
  CDC xfer callback
tuh_cdc_rx_cb callback with idx=2
[1] Claimed EP 0x85
  Queue EP 85 with 512 bytes ... 
OK
orldr
Hello Worldr
Hello Worldr
Hello Worldr
Hello Worldr
Hello Worldr
Hello Worl: OK
  CDC xfer callback
[1] Claimed EP 0x81
  Queue EP 81 with 512 bytes ... 
OK
[:1] on EP 85 with 94 bytes: OK
  CDC xfer callback
tuh_cdc_rx_cb callback with idx=2
[1] Claimed EP 0x85
  Queue EP 85 with 512 bytes ... 
OK
ldr
Hello Worldr
Hello Worldr
Hello Worldr
Hello Worldr
Hell on EP 81 with 2 bytes: OK
  CDC xfer callback
[1] Claimed EP 0x81
  Queue EP 81 with 512 bytes ... 
OK
[:1] on EP 85 with 94 bytes: OK
  CDC xfer callback
tuh_cdc_rx_cb callback with idx=2
[1] Claimed EP 0x85
  Queue EP 85 with 512 bytes ... 
OK
dr
Hello Worldr
Hello Worldr
Hello Worldr
Hello Worldr
Hello Worldr81 with 2 bytes: OK
  CDC xfer callback
[1] Claimed EP 0x81
  Queue EP 81 with 512 bytes ... 
OK
[:1] on EP 85 with 94 bytes: OK
  CDC xfer callback
tuh_cdc_rx_cb callback with idx=2
[1] Claimed EP 0x85
  Queue EP 85 with 512 bytes ... 
OK
r
Hello Worldr
Hello Worlds ... 
OK
[:1] on EP 85 with 94 bytes: OK
  CDC xfer callback
tuh_cdc_rx_cb callback with idx=2
[1] Claimed EP 0x85
  Queue EP 85 with 512 bytes ... 
OK

Hello Worldr
Hello Worldr
Hello Worldr
Hello Worldr
Hello Worldr
Hello Worldr
He EP 83 with 2 bytes: OK
  CDC xfer callback
[1] Claimed EP 0x83
  Queue EP 83 with 512 bytes ... 
OK
[:1] on EP 81 with 2 bytes: OK
  CDC xfer callback
[1] Claimed EP 0x81
  Queue EP 81 with 512 bytes ... 
OK
[:1] on EP 85 with 94 bytes: OK
  CDC xfer callback
tuh_cdc_rx_cb callback with idx=2
[1] Claimed EP 0x85
  Queue EP ck
[1] Claimed EP 0x81
  Queue EP 81 with 512 bytes ... 
OK
[:1] on EP 85 with 94 bytes: OK
  CDC xfer callback
tuh_cdc_rx_cb callback with idx=2
[1] Claimed EP 0x85
  Queue EP 85 with 512 bytes ... 
OK
ello Worldr
Hello Worldr
Hello Worldr
Hello Worldr
Hello Worldr
Hello Worldr
Hell: OK
  CDC xfer callback
[1] Claimed EP 0x81
  Queue EP 81 with 512 bytes ... 
OK
[:1] on EP 85 with 94 bytes: OK
  CDC xfer callback
tuh_cdc_rx_cb callback with idx=2
[1] Claimed EP 0x85
  Queue EP 85 with 512 bytes ... 
OK
llo Worldr
Hello Worldr
Hello Worldr
Hello Worldr
Hello Worldr
Hello Worldr
Hello: OK
  CDC xfer callback
[1] Claimed EP 0x81
  Queue EP 81 with 512 bytes ... 
OK
[:1] on EP 85 with 95 bytes: OK
  CDC xfer callback
tuh_cdc_rx_cb callback with idx=2
[1] Claimed EP 0x85
o[:1] on EP 87 with 2 bytes: OK
k
[1] Claimed EP 0x83
  Queue EP 83 with 512 bytes ... 
OK
[:1] on EP 81 with 2 bytes: OK
  CDC xfer callback
[1] Claimed EP 0x81
  Queue EP 81 with 512 bytes ... 
OK
[:1] on EP 85 with 94 bytes: OK
  CDC xfer callback
tuh_cdc_rx_cb callback with idx=2
[1] Claimed EP 0x85
  Queue EP 85 with 512 bytes ... 
OK
 Worldr
Hello Worldr
Hello ... 
OK
[:1] on EP 85 with 94 bytes: OK
  CDC xfer callback
tuh_cdc_rx_cb callback with idx=2
[1] Claimed EP 0x85
  Queue EP 85 with 512 bytes ... 
OK
Worldr
Hello Worldr
Hello Worldr
Hello Worldr
Hello Worldr
Hello Worldr
Hello WorEP 83 with 2 bytes: OK
  CDC xfer callback
[1] Claimed EP 0x83
512 bytes ... 
OK
[:1] on EP 85 with 94 bytes: OK
  CDC xfer callback
tuh_cdc_rx_cb callback with idx=2
[1] Claimed EP 0x85
  Queue EP 85 with 512 bytes ... 
OK
orldr
Hello Worldr
Hello Worldr
Hello Worldr
Hello Worldr
Hello Worldr
Hello Worl: OK
  CDC xfer callback
[1] Claimed EP 0x81
  Queue EP 81 with 512 bytes ... 
OK
[:1] on EP 85 with 94 bytes: OK
  CDC xfer callback
tuh_cdc_rx_cb callback with idx=2
[1] Claimed EP 0x85
  Queue EP 85 with 512 bytes ... 
OK
rldr
Hello Worldr
Hello Worldr
Hello Worldr
Hello Worldr
Hello Worldr
Hello Worlds: OK
  CDC xfer callback
[1] Claimed EP 0x81
  Queue EP 81 with 512 bytes ... 
OK
[:1] on EP 85 with 94 bytes: OK
  CDC xfer callback
tuh_cdc_rx_cb callback with idx=2
[1] Claimed EP 0x85
  Queue EP 85 with 512 bytes ... 
OK
ldr
Hello Worldr
Hello Worldr
Hello Worldr
Hello Worldr
Hello Worldr
Hello Worldr: OK
  CDC xfer callback
[1] Claimed EP 0x81
  Queue EP 81 with 512 bytes ... 
OK
[:1] on EP 85 with 94 bytes: OK
  CDC xfer callback
tuh_cdc_rx_cb callback with idx=2
[1] Claimed EP 0x85
  Queue EP 85 with 512 bytes ... 
OK
dr
Hello Worldr
Hello Worldr
Hello Worldr
Hello Worldr
Helloon EP 81 with 2 bytes: OK
  CDC xfer callback
[1] Claimed EP 0x81
  Queue EP 81 with 512 bytes ... 
OK
[:1] on EP 85 with 94 bytes: OK
  CDC xfer callback
tuh_cdc_rx_cb callback with idx=2
[1] Claimed EP 0x85
  Queue EP 85 with 512 bytes ... 
OK
r
Hello Worldr
Hello Worldr
Hello Worldr
Hello Worldr
Hello Wor EP 81 with 2 bytes: OK
  CDC xfer callback
[1] Claimed EP 0x81
  Queue EP 81 with 512 bytes ... 
OK
[:1] on EP 85 with 94 bytes: OK
  CDC xfer callback
tuh_cdc_rx_cb callback with idx=2
[1] Claimed EP 0x85
  Queue EP 85 with 512 bytes ... 
OK

Hello Worldr
Hello Worldrs ... 
OK
[:1] on EP 85 with 95 bytes: OK
  CDC xfer callback
tuh_cdc_rx_cb callback with idx=2
[1] Claimed EP 0x85
  Queue EP 85 with 512 bytes ... 
OK
Hello Worldr
Hello Worldr
Hello Worldr
Hello Worldr
Hello Worldr
Hello Worldr
Hel EP 83 with 2 bytes: OK
  CDC xfer callback
[1] Claimed EP 0x83
  Queue EP 83 with 512 bytes ... 
OK
[:1] on EP 81 with 2 bytes: OK
  CDC xfer callback
[1] Claimed EP 0x81
  Queue EP 81 with 512 bytes ... 
OK
[:1] on EP 85 with 94 bytes: OK
  CDC xfer callback
tuh_cdc_rx_cb callback with idx=2
[1] Claimed EP 0x85
  Queue EP k
[1] Claimed EP 0x81
  Queue EP 81 with 512 bytes ... 
OK
[:1] on EP 85 with 94 bytes: OK
  CDC xfer callback
tuh_cdc_rx_cb callback with idx=2
[1] Claimed EP 0x85
  Queue EP 85 with 512 bytes ... 
OK
lo Worldr
Hello Worldr
Hello Worldr
Hello Worldr
Hello Worldr
Hello Worldr
Hello s: OK
  CDC xfer callback
[1] Claimed EP 0x81
  Queue EP 81 with 512 bytes ... 
OK
[:1] on EP 85 with 94 bytes: OK
  CDC xfer callback
tuh_cdc_rx_cb callback with idx=2
[1] Claimed EP 0x85
  Queue EP 85 with 512 bytes ... 
OK
o Worldr
Hello Worldr
Hello Worldr
Hello Worldr
Hello Worldr
Hello Worldr
Hello W OK
  CDC xfer callback
[1] Claimed EP 0x81
  Queue EP 81 with 512 bytes ... 
OK
[:1] on EP 85 with 94 bytes: OK
  CDC xfer callback
tuh_cdc_rx_cb callback with idx=2
[1] Claimed EP 0x85
  Queue EP 85 with 512 bytes ... 
OK
 Worldr
Hello Worldr
Hello Worldr
Hello Worldr
Hello Worldr
 on EP 81 with 2 bytes: OK
  CDC xfer callback
[1] Claimed EP 0x81
  Queue EP 81 with 512 bytes ... 
OK
[:1] on EP 85 with 94 bytes: OK
  CDC xfer callback
tuh_cdc_rx_cb callback with idx=2
[1] Claimed EP 0x85
  Queue EP 85 with 512 bytes ... 
OK
Worldr
Hello Worldr
Hello  ... 
OK
[:1] on EP 85 with 94 bytes: OK
  CDC xfer callback
tuh_cdc_rx_cb callback with idx=2
[1] Claimed EP 0x85
  Queue EP 85 with 512 bytes ... 
OK
orldr
Hello Worldr
Hello Worldr
Hello Worldr
Hello Worldr
Hello Worldr
Hello WorlEP 83 with 2 bytes: OK
  CDC xfer callback

  Queue EP 81 with 512 bytes ... 
OK
[:1] on EP 85 with 94 bytes: OK
  CDC xfer callback
tuh_cdc_rx_cb callback with idx=2
[1] Claimed EP 0x85
  Queue EP 85 with 512 bytes ... 
OK
rldr
Hello Worldr
Hello Worldr
Hello Worldr
Hello Worldr
Hello Worldr
Hello World EP 83 with 2 bytes: OK
  CDC xfer callback
[1] Claimed EP 0x83
  Queue EP 83 with 512 bytes ... 
OK
[:1] on EP 81 with 2 bytes: OK
  CDC xfer callback
[1] Claimed EP 0x81
  Queue EP 81 with 512 bytes ... 
OK
bytes ... 
OK
ldr
Hello Worldr
Hello Worldr
Hello Worldr
Hello Worldr
Hello Worldr
Hello Worldr
Hello Worl xfer callback
[1] Claimed EP 0x81
  Queue EP 81 with 512 bytes ... 
OK
[:1] on EP 85 with 94 bytes: OK
  CDC xfer callback
tuh_cdc_rx_cb callback with idx=2
[1] Claimed EP 0x85
  Queue EP 85 with 512 bytes ... 
OK
r
Hello Worldr
Hello Worldr
Hello Worldr
Hello Worldr
Hello Worldr
Hello Worldr
H OK
  CDC xfer callback
[1] Claimed EP 0x81
  Queue EP 81 with 512 bytes ... 
OK
[:1] on EP 85 with 94 bytes: OK
  CDC xfer callback
tuh_cdc_rx_cb callback with idx=2
[1] Claimed EP 0x85
  Queue EP 85 with 512 bytes ... 
OK

Hello Worldr
Hello Worldr
Hello Worldr
Hello Worldr
Hello Won EP 81 with 2 bytes: OK
  CDC xfer callback
[1] Claimed EP 0x81
  Queue EP 81 with 512 bytes ... 
OK
[:1] on EP 85 with 94 bytes: OK
  CDC xfer callback
tuh_cdc_rx_cb callback with idx=2
[1] Claimed EP 0x85
  Queue EP 85 with 512 bytes ... 
OK
Hello Worldr
Hello Worldr
Hello Worldr
Hello Worldr
Hello Woon EP 81 with 2 bytes: OK
  CDC xfer callback
[1] Claimed EP 0x81
  Queue EP 81 with 512 bytes ... 
OK
[:1] on EP 85 with 94 bytes: OK
  CDC xfer callback
tuh_cdc_rx_cb callback with idx=2
[1] Claimed EP 0x85
  Queue EP 85 with 512 bytes ... 
OK
ello Worldr
Hello Worldr
Hs ... 
OK
[:1] on EP 85 with 94 bytes: OK
  CDC xfer callback
tuh_cdc_rx_cb callback with idx=2
[1] Claimed EP 0x85
  Queue EP 85 with 512 bytes ... 
OK
llo Worldr
Hello Worldr
Hello Worldr
Hello Worldr
Hello Worldr
Hello Worldr
HelloEP 83 with 2 bytes: OK
  CDC xfer callback
[1] Claimed EP 0x83
 512 bytes ... 
OK
[:1] on EP 85 with 94 bytes: OK
  CDC xfer callback
tuh_cdc_rx_cb callback with idx=2
[1] Claimed EP 0x85
  Queue EP 85 with 512 bytes ... 
OK
lo Worldr
Hello Worldr
Hello Worldr
Hello Worldr
Hello Worldr
Hello Worldr
Hello s: OK
  CDC xfer callback
[1] Claimed EP 0x81
  Queue EP 81 with 512 bytes ... 
OK
[:1] on EP 85 with 94 bytes: OK
  CDC xfer callback
tuh_cdc_rx_cb callback with idx=2
[1] Claimed EP 0x85
  Queue EP 85 with 512 bytes ... 
OK
o Worldr
Hello Worldr
Hello Worldr
Hello Worldr
Hello Worldr
Hello Worldr
Hello Ws: OK
  CDC xfer callback
[1] Claimed EP 0x81
  Queue EP 81 with 512 bytes ... 
OK
[:1] on EP 85 with 95 bytes: OK
  CDC xfer callback
tuh_cdc_rx_cb callback with idx=2
[1] Claimed EP 0x85
  Queue EP 85 with 512 bytes ... 
OK
 Worldr
Hello Worldr
Hello Worldr
Hello Worldr
Hello Worldr
Hello Worldr
Hello Wo: OK
  CDC xfer callback
[1] Claimed EP 0x81
  Queue EP 81 with 512 bytes ... 
OK
[:1] on EP 85 with 94 bytes: OK
  CDC xfer callback
tuh_cdc_rx_cb callback with idx=2
[1] Claimed EP 0x85
  Queue EP 85 with 512 bytes ... 
OK
orldr
Hello Worldr
Hello Worldr
Hello Worldr
Hello Worldr
He on EP 81 with 2 bytes: OK
  CDC xfer callback
[1] Claimed EP 0x81
  Queue EP 81 with 512 bytes ... 
OK
[:1] on EP 85 with 94 bytes: OK
  CDC xfer callback
tuh_cdc_rx_cb callback with idx=2
[1] Claimed EP 0x85
[:1] on EP 87 with 2 bytes: OK
  CDC xfer callback
[1] Claimed EP 0x87
  Queue EP 87 with 512 bytes ... 
OK
2 bytes: OK
  CDC xfer callback
[1] Claimed EP 0x81
  Queue EP 81 with 512 bytes ... 
OK
[:1] on EP 85 with 94 bytes: OK
  CDC xfer callback
tuh_cdc_rx_cb callback with idx=2
[1] Claimed EP 0x85
 2 bytes: OK
  CDC xfer callback
[1] Claimed EP 0x83
  Queue EP 83 with 512 bytes ... 
OK
[:1] on EP 81 with 2 bytes: OK
  CDC xfer callback
[1] Claimed EP 0x81
  Queue EP 81 with 512 bytes ... 
OK
[:1] on EP 85 with 94 bytes: OK
  CDC xfer callback
rldr
Hello Worldr
Hello Worldr
Hello Worldr
Hello World[:1] on EP 87 with 2 bytes: OK
  CDC xfer callback
h 512 bytes ... 
OK
[:1] on EP 85 with 94 bytes: OK
  CDC xfer callback
tuh_cdc_rx_cb callback with idx=2
[1] Claimed EP 0x85
  Queue EP 85 with 512 bytes ... 
OK
r
Hello Worldr
Hello Worldr
Hello Worldr
Hello Worldr
Hello Worldr
Hello Worldr
H: OK
  CDC xfer callback
[1] Claimed EP 0x81
  Queue EP 81 with 512 bytes ... 
OK
[:1] on EP 85 with 94 bytes: OK
  CDC xfer callback
tuh_cdc_rx_cb callback with idx=2
[1] Claimed EP 0x85
  Queue EP 85 with 512 bytes ... 
OK

Hello Worldr
Hello Worldr
Hello Worldr
Hello Worldr
Hello Worldr
Hello Worldr
Hes: OK
  CDC xfer callback
[1] Claimed EP 0x81
  Queue EP 81 with 512 bytes ... 
OK
[:1] on EP 85 with 94 bytes: OK
  CDC xfer callback
tuh_cdc_rx_cb callback with idx=2
[1] Claimed EP 0x85
  Queue EP 85 with 512 bytes ... 
OK
Hello Worldr
Hello Worldr
Hello Worldr
Hello Worldr
Hello Wo on EP 81 with 2 bytes: OK
  CDC xfer callback
[1] Claimed EP 0x81
  Queue EP 81 with 512 bytes ... 
OK
[:1] on EP 85 with 94 bytes: OK
  CDC xfer callback
tuh_cdc_rx_cb callback with idx=2
[1] Claimed EP 0x85
  Queue EP 85 with 512 bytes ... 
OK
ello Worldr
Hello Worldr
Hello Worldr
Hello Worldr
Hello WorldEP 81 with 2 bytes: OK
  CDC xfer callback
[1] Claimed EP 0x81
  Queue EP 81 with 512 bytes ... 
OK
[:1] on EP 85 with 95 bytes: OK
  CDC xfer callback
tuh_cdc_rx_cb callback with idx=2
rldr
Hello Worldr
Hell[:1] on EP 87 with 2 bytes: OK
  CDC xfer callback
[1] Claimed EP 0x87
K
[:1] on EP 85 with 94 bytes: OK
  CDC xfer callback
tuh_cdc_rx_cb callback with idx=2
[1] Claimed EP 0x85
  Queue EP 85 with 512 bytes ... 
OK
o Worldr
Hello Worldr
Hello Worldr
Hello Worldr
Hello Worldr
Hello Worldr
Hello W EP 83 with 2 bytes: OK
  CDC xfer callback
[1] Claimed EP 0x83
  Queue EP 83 with 512 bytes ... 
OK
[:1] on EP 81 with 2 bytes: OK
  CDC xfer callback
[1] Claimed EP 0x81
  Queue EP 81 with 512 bytes ... 
OK
[:1] on EP 85 with 94 bytes: OK
  CDC xfer callback
tuh_cdc_rx_cb callback with idx=2
[1] Claimed EP 0x85
C xfer callback
[1] Claimed EP 0x81
  Queue EP 81 with 512 bytes ... 
OK
[:1] on EP 85 with 94 bytes: OK
  CDC xfer callback
tuh_cdc_rx_cb callback with idx=2
[1] Claimed EP 0x85
  Queue EP 85 with 512 bytes ... 
OK
Worldr
Hello Worldr
Hello Worldr
Hello Worldr
Hello Worldr
Hello Worldr
Hello Wor: OK
  CDC xfer callback
[1] Claimed EP 0x81
  Queue EP 81 with 512 bytes ... 
OK
[:1] on EP 85 with 94 bytes: OK
  CDC xfer callback
tuh_cdc_rx_cb callback with idx=2
[1] Claimed EP 0x85
  Queue EP 85 with 512 bytes ... 
OK
orldr
Hello Worldr
Hello Worldr
Hello Worldr
Hello Worldr
Hello Worldr
Hello Worls: OK
  CDC xfer callback
[1] Claimed EP 0x81
  Queue EP 81 with 512 bytes ... 
OK
[:1] on EP 85 with 94 bytes: OK
  CDC xfer callback
tuh_cdc_rx_cb callback with idx=2
[1] Claimed EP 0x85
  Queue EP 85 with 512 bytes ... 
OK
rldr
Hello Worldr
Hello Worldr
Hello Worldr
Hello Worldr
Helon EP 81 with 2 bytes: OK
  CDC xfer callback
[1] Claimed EP 0x81
  Queue EP 81 with 512 bytes ... 
OK
[:1] on EP 85 with 94 bytes: OK
  CDC xfer callback
tuh_cdc_rx_cb callback with idx=2
[1] Claimed EP 0x85
  Queue EP 85 with 512 bytes ... 
OK
ldr
Hello Worldr
Hello Wor... 
OK
[:1] on EP 85 with 94 bytes: OK
  CDC xfer callback
tuh_cdc_rx_cb callback with idx=2
[1] Claimed EP 0x85
  Queue EP 85 with 512 bytes ... 
OK
dr
Hello Worldr
Hello Worldr
Hello Worldr
Hello Worldr
Hello Worldr
Hello Worldr
 EP 83 with 2 bytes: OK
  CDC xfer callback
1
  Queue EP 81 with 512 bytes ... 
OK
[:1] on EP 85 with 95 bytes: OK
  CDC xfer callback
tuh_cdc_rx_cb callback with idx=2
[1] Claimed EP 0x85
  Queue EP 85 with 512 bytes ... 
OK
r
Hello Worldr
Hello Worldr
Hello Worldr
Hello Worldr
Hello Worldr
Hello Worldr
Hes: OK
  CDC xfer callback
[1] Claimed EP 0x81
  Queue EP 81 with 512 bytes ... 
OK
[:1] on EP 85 with 94 bytes: OK
  CDC xfer callback
tuh_cdc_rx_cb callback with idx=2
[1] Claimed EP 0x85
  Queue EP 85 with 512 bytes ... 
OK
Hello Worldr
Hello Worldr
Hello Worldr
Hello Worldr
Hello Worldr
Hello Worldr
Hels: OK
  CDC xfer callback
[1] Claimed EP 0x81
  Queue EP 81 with 512 bytes ... 
OK
[:1] on EP 85 with 94 bytes: OK
  CDC xfer callback
tuh_cdc_rx_cb callback with idx=2
[1] Claimed EP 0x85
  Queue EP 85 with 512 bytes ... 
OK
ello Worldr
Hello Worldr
Hello Worldr
Hello Worldr
Hello Worldr
Hello Worldr
Hells: OK
  CDC xfer callback
[1] Claimed EP 0x81
  Queue EP 81 with 512 bytes ... 
OK
[:1] on EP 85 with 94 bytes: OK
  CDC xfer callback
tuh_cdc_rx_cb callback with idx=2
[1] Claimed EP 0x85
  Queue EP 85 with 512 bytes ... 
OK
llo Worldr
Hello Worldr
Hello Worldr
Hello Worldr
Hello Worlon EP 81 with 2 bytes: OK
  CDC xfer callback
[1] Claimed EP 0x81
  Queue EP 81 with 512 bytes ... 
OK
[:1] on EP 85 with 94 bytes: OK
  CDC xfer callback
tuh_cdc_rx_cb callback with idx=2
ldr
Hello Worldr
Hell[:1] on EP 87 with 2 bytes: OK
  CDC xfer callback
[1] Claimed EP 0x87
  Queue EP 87 with 512 bytes ... 
OK
2 bytes: OK
  CDC xfer callback
[1] Claimed EP 0x81
  Queue EP 81 with 512 bytes ... 
OK
[:1] on EP 85 with 94 bytes: OK
  CDC xfer callback
tuh_cdc_rx_cb callback with idx=2
dr
Hello Worldr
Hello[:1] on EP 87 with 2 bytes: OK
  CDC xfer callback
[1] Claimed EP 0x87
  Queue EP 87 with 512 byon EP 81 with 2 bytes: OK
  CDC xfer callback
[1] Claimed EP 0x81
  Queue EP 81 with 512 bytes ... 
OK
[:1] on EP 85 with 94 bytes: OK
  CDC xfer callback
lo Worldr
Hello Worldr
Hello Worldr
Hello Worldr
Hello [:1] on EP 87 with 2 bytes: OK
x81
  Queue EP 81 with 512 bytes ... 
OK
[:1] on EP 85 with 94 bytes: OK
  CDC xfer callback
tuh_cdc_rx_cb callback with idx=2
[1] Claimed EP 0x85
  Queue EP 85 with 512 bytes ... 
OK
Worldr
Hello Worldr
Hello Worldr
Hello Worldr
Hello Worldr
Hello Worldr
Hello Wor: OK
  CDC xfer callback
[1] Claimed EP 0x81
  Queue EP 81 with 512 bytes ... 
OK
[:1] on EP 85 with 95 bytes: OK
  CDC xfer callback
tuh_cdc_rx_cb callback with idx=2
[1] Claimed EP 0x85
  Queue EP 85 with 512 bytes ... 
OK
orldr
Hello Worldr
Hello Worldr
Hello Worldr
Hello Worldr
Hello Worldr
Hello Worles: OK
  CDC xfer callback
[1] Claimed EP 0x81
  Queue EP 81 with 512 bytes ... 
OK
[:1] on EP 85 with 94 bytes: OK
  CDC xfer callback
tuh_cdc_rx_cb callback with idx=2
[1] Claimed EP 0x85
  Queue EP 85 with 512 bytes ... 
OK
ldr
Hello Worldr
Hello Worldr
Hello Worldr
Hello Worldr
Hell on EP 81 with 2 bytes: OK
  CDC xfer callback
[1] Claimed EP 0x81
  Queue EP 81 with 512 bytes ... 
OK
[:1] on EP 85 with 94 bytes: OK
  CDC xfer callback
tuh_cdc_rx_cb callback with idx=2
[1] Claimed EP 0x85
  Queue EP 85 with 512 bytes ... 
OK
dr
Hello Worldr
Hello Worldr
Hello Worldr
Hello Worldr
Helloon EP 81 with 2 bytes: OK
  CDC xfer callback
[1] Claimed EP 0x81
  Queue EP 81 with 512 bytes ... 
OK
[:1] on EP 85 with 94 bytes: OK
  CDC xfer callback
tuh_cdc_rx_cb callback with idx=2
[1] Claimed EP 0x85
  Queue EP 85 with 512 bytes ... 
OK
r
Hello Worldr
Hello World ... 
OK
[:1] on EP 85 with 94 bytes: OK
  CDC xfer callback
tuh_cdc_rx_cb callback with idx=2
[1] Claimed EP 0x85
  Queue EP 85 with 512 bytes ... 
OK

Hello Worldr
Hello Worldr
Hello Worldr
Hello Worldr
Hello Worldr
Hello Worldr
HeEP 83 with 2 bytes: OK
  CDC xfer callback
[1] Claimed EP 0x83
512 bytes ... 
OK
[:1] on EP 85 with 94 bytes: OK
  CDC xfer callback
tuh_cdc_rx_cb callback with idx=2
[1] Claimed EP 0x85
  Queue EP 85 with 512 bytes ... 
OK
Hello Worldr
Hello Worldr
Hello Worldr
Hello Worldr
Hello Worldr
Hello Worldr
Hel OK
  CDC xfer callback
[1] Claimed EP 0x81
  Queue EP 81 with 512 bytes ... 
OK
[:1] on EP 85 with 94 bytes: OK
  CDC xfer callback
tuh_cdc_rx_cb callback with idx=2
[1] Claimed EP 0x85
  Queue EP 85 with 512 bytes ... 
OK
ello Worldr
Hello Worldr
Hello Worldr
Hello Worldr
Hello Worldr
Hello Worldr
Hells: OK
  CDC xfer callback
[1] Claimed EP 0x81
  Queue EP 81 with 512 bytes ... 
OK
[:1] on EP 85 with 94 bytes: OK
  CDC xfer callback
tuh_cdc_rx_cb callback with idx=2
[1] Claimed EP 0x85
  Queue EP 85 with 512 bytes ... 
OK
llo Worldr
Hello Worldr
Hello Worldr
Hello Worldr
Hello Worldr
Hello Worldr
Hellos: OK
  CDC xfer callback
[1] Claimed EP 0x81
  Queue EP 81 with 512 bytes ... 
OK
[:1] on EP 85 with 94 bytes: OK
  CDC xfer callback
tuh_cdc_rx_cb callback with idx=2
[1] Claimed EP 0x85
  Queue EP 85 with 512 bytes ... 
OK
lo Worldr
Hello Worldr
Hello Worldr
Hello Worldr
Hello Worldon EP 81 with 2 bytes: OK
  CDC xfer callback
[1] Claimed EP 0x81
  Queue EP 81 with 512 bytes ... 
OK
[:1] on EP 85 with 95 bytes: OK
  CDC xfer callback
tuh_cdc_rx_cb callback with idx=2
[1] Claimed EP 0x85
 [:1] on EP 87 with 2 bytes: OK
  CDC xfer callback
[1] Claimed EP 0x87

[:1] on EP 85 with 94 bytes: OK
  CDC xfer callback
tuh_cdc_rx_cb callback with idx=2
[1] Claimed EP 0x85
  Queue EP 85 with 512 bytes ... 
OK
Worldr
Hello Worldr
Hello Worldr
Hello Worldr
Hello Worldr
Hello Worldr
Hello Worldr
Hello W[:1] on EP 87 with 2 bytes: OK
  CDC xfer callback
[1] Claimed EP 0x87
  Queue EP 87 with 512 bytes ... 
ith 2 bytes: OK
  CDC xfer callback
[1] Claimed EP 0x81
  Queue EP 81 with 512 bytes ... 
OK
[:1] on EP 85 with 94 bytes: OK
  CDC xfer callback
 Worldr
Hello Worldr
Hello Worldr
Hello Worldr
Hello Wo[:1] on EP 87 with 2 bytes: OK
x81
  Queue EP 81 with 512 bytes ... 
OK
[:1] on EP 85 with 94 bytes: OK
  CDC xfer callback
tuh_cdc_rx_cb callback with idx=2
[1] Claimed EP 0x85
  Queue EP 85 with 512 bytes ... 
OK
rldr
Hello Worldr
Hello Worldr
Hello Worldr
Hello Worldr
Hello Worldr
Hello World OK
  CDC xfer callback
[1] Claimed EP 0x81
  Queue EP 81 with 512 bytes ... 
OK
[:1] on EP 85 with 94 bytes: OK
  CDC xfer callback
tuh_cdc_rx_cb callback with idx=2
[1] Claimed EP 0x85
  Queue EP 85 with 512 bytes ... 
OK
ldr
Hello Worldr
Hello Worldr
Hello Worldr
Hello Worldr
Hello Worldr
Hello Worldr: OK
  CDC xfer callback
[1] Claimed EP 0x81
  Queue EP 81 with 512 bytes ... 
OK
[:1] on EP 85 with 94 bytes: OK
  CDC xfer callback
tuh_cdc_rx_cb callback with idx=2
[1] Claimed EP 0x85
  Queue EP 85 with 512 bytes ... 
OK
dr
Hello Worldr
Hello Worldr
Hello Worldr
Hello Worldr
Hello Worldr
Hello Worldr
s: OK
  CDC xfer callback
[1] Claimed EP 0x81
  Queue EP 81 with 512 bytes ... 
OK
[:1] on EP 85 with 94 bytes: OK
  CDC xfer callback
tuh_cdc_rx_cb callback with idx=2
[1] Claimed EP 0x85
  Queue EP 85 with 512 bytes ... 
OK
r
Hello Worldr
Hello Worldr
Hello Worldr
Hello Worldr
Hello  on EP 81 with 2 bytes: OK
  CDC xfer callback
[1] Claimed EP 0x81
  Queue EP 81 with 512 bytes ... 
OK
[:1] on EP 85 with 94 bytes: OK
  CDC xfer callback
tuh_cdc_rx_cb callback with idx=2
[1] Claimed EP 0x85
  Queue EP 85 with 512 bytes ... 
OK

Hello Worldr
Hello Worldr ... 
OK
[:1] on EP 85 with 95 bytes: OK
  CDC xfer callback
tuh_cdc_rx_cb callback with idx=2
[1] Claimed EP 0x85
  Queue EP 85 with 512 bytes ... 
OK
Hello Worldr
Hello Worldr
Hello Worldr
Hello Worldr
Hello Worldr
Hello Worldr
Heln EP 83 with 2 bytes: OK
  CDC xfer callback
[1] Claimed EP 0x83
 512 bytes ... 
OK
[:1] on EP 85 with 94 bytes: OK
  CDC xfer callback
tuh_cdc_rx_cb callback with idx=2
[1] Claimed EP 0x85
  Queue EP 85 with 512 bytes ... 
OK
llo Worldr
Hello Worldr
Hello Worldr
Hello Worldr
Hello Worldr
Hello Worldr
HelloEP 83 with 2 bytes: OK
  CDC xfer callback
[1] Claimed EP 0x83
  Queue EP 83 with 512 bytes ... 
OK
[:1] on EP 81 with 2 bytes: OK
  CDC xfer callback
[1] Claimed EP 0x81
  Queue EP 81 with 512 bytes ... 
OK
bytes ... 
OK
lo Worldr
Hello Worldr
Hello Worldr
Hello Worldr
Hello Worldr
Hello Worldr
Hello Worldr
HelC xfer callback
[1] Claimed EP 0x81
  Queue EP 81 with 512 bytes ... 
OK
[:1] on EP 85 with 94 bytes: OK
  CDC xfer callback
tuh_cdc_rx_cb callback with idx=2
[1] Claimed EP 0x85
  Queue EP 85 with 512 bytes ... 
OK
o Worldr
Hello Worldr
Hello Worldr
Hello Worldr
Hello Worldr
Hello Worldr
Hello W OK
  CDC xfer callback
[1] Claimed EP 0x81
  Queue EP 81 with 512 bytes ... 
OK
[:1] on EP 85 with 94 bytes: OK
  CDC xfer callback
tuh_cdc_rx_cb callback with idx=2
[1] Claimed EP 0x85
  Queue EP 85 with 512 bytes ... 
OK
 Worldr
Hello Worldr
Hello Worldr
Hello Worldr
Hello Worldr
Hello Worldr
Hello Wos: OK
  CDC xfer callback
[1] Claimed EP 0x81
  Queue EP 81 with 512 bytes ... 
OK
[:1] on EP 85 with 94 bytes: OK
  CDC xfer callback
tuh_cdc_rx_cb callback with idx=2
[1] Claimed EP 0x85
  Queue EP 85 with 512 bytes ... 
OK
Worldr
Hello Worldr
Hello Worldr
Hello Worldr
Hello Worldr
H on EP 81 with 2 bytes: OK
  CDC xfer callback
[1] Claimed EP 0x81
  Queue EP 81 with 512 bytes ... 
OK
[:1] on EP 85 with 94 bytes: OK
  CDC xfer callback
tuh_cdc_rx_cb callback with idx=2
[1] Claimed EP 0x85
  Queue EP 85 with 512 bytes ... 
OK
orldr
Hello Worldr
Hello W ... 
OK
[:1] on EP 85 with 94 bytes: OK
  CDC xfer callback
tuh_cdc_rx_cb callback with idx=2
[1] Claimed EP 0x85
  Queue EP 85 with 512 bytes ... 
OK
rldr
Hello Worldr
Hello Worldr
Hello Worldr
Hello Worldr
Hello Worldr
Hello WorldEP 83 with 2 bytes: OK
  CDC xfer callback
[1] Claimed EP 0x83
512 bytes ... 
OK
[:1] on EP 85 with 95 bytes: OK
  CDC xfer callback
tuh_cdc_rx_cb callback with idx=2
[1] Claimed EP 0x85
  Queue EP 85 with 512 bytes ... 
OK
ldr
Hello Worldr
Hello Worldr
Hello Worldr
Hello Worldr
Hello Worldr
Hello Worldrs: OK
  CDC xfer callback
[1] Claimed EP 0x81
  Queue EP 81 with 512 bytes ... 
OK
[:1] on EP 85 with 94 bytes: OK
  CDC xfer callback
tuh_cdc_rx_cb callback with idx=2
[1] Claimed EP 0x85
  Queue EP 85 with 512 bytes ... 
OK
r
Hello Worldr
Hello Worldr
Hello Worldr
Hello Worldr
Hello Worldr
Hello Worldr
Hs: OK
  CDC xfer callback
[1] Claimed EP 0x81
  Queue EP 81 with 512 bytes ... 
OK
[:1] on EP 85 with 94 bytes: OK
  CDC xfer callback
tuh_cdc_rx_cb callback with idx=2
[1] Claimed EP 0x85
  Queue EP 85 with 512 bytes ... 
OK

Hello Worldr
Hello Worldr
Hello Worldr
Hello Worldr
Hello Worldr
Hello Worldr
He OK
  CDC xfer callback
[1] Claimed EP 0x81
  Queue EP 81 with 512 bytes ... 
OK
[:1] on EP 85 with 94 bytes: OK
  CDC xfer callback
tuh_cdc_rx_cb callback with idx=2
[1] Claimed EP 0x85
  Queue EP 85 with 512 bytes ... 
OK
Hello Worldr
Hello Worldr
Hello Worldr
Hello Worldr
Hello Won EP 81 with 2 bytes: OK
  CDC xfer callback
[1] Claimed EP 0x81
  Queue EP 81 with 512 bytes ... 
OK
[:1] on EP 85 with 94 bytes: OK
  CDC xfer callback
tuh_cdc_rx_cb callback with idx=2
[1] Claimed EP 0x85
  Queue EP 85 with 512 bytes ... 
OK
ello Worldr
Hello Worldr
Hello Worldr
Hello Worldr
Hello Worldr
Hell with 2 bytes: OK
  CDC xfer callback
[1] Claimed EP 0x81
  Queue EP 81 with 512 bytes ... 
OK
[:1] on EP 85 with 94 bytes: OK
  CDC xfer callback
tuh_cdc_rx_cb callback with idx=2
[1] Claimed EP 0x85
  Queue EP 85 with 512 bytes ... 
OK
llo Worldr
Hello Worldr
Hes ... 
OK
[:1] on EP 85 with 94 bytes: OK
  CDC xfer callback
tuh_cdc_rx_cb callback with idx=2
[1] Claimed EP 0x85
  Queue EP 85 with 512 bytes ... 
OK
lo Worldr
Hello Worldr
Hello Worldr
Hello Worldr
Hello Worldr
Hello Worldr
Hello EP 83 with 2 bytes: OK
  CDC xfer callback
[1] Claimed EP 0x83
  Queue EP 83 with 512 bytes ... 
OK
[:1] on EP 81 with 2 bytes: OK
  CDC xfer callback
[1] Claimed EP 0x81
  Queue EP 81 with 512 bytes ... 
OK
[:1] on EP 85 with 94 bytes: OK
  CDC xfer callback
tuh_cdc_rx_cb callback with idx=2
[1] Claimed EP 0x85
  Queue EP ack
[1] Claimed EP 0x81
  Queue EP 81 with 512 bytes ... 
OK
[:1] on EP 85 with 94 bytes: OK
  CDC xfer callback
tuh_cdc_rx_cb callback with idx=2
[1] Claimed EP 0x85
  Queue EP 85 with 512 bytes ... 
OK
 Worldr
Hello Worldr
Hello Worldr
Hello Worldr
Hello Worldr
Hello Worldr
Hello Wo: OK
  CDC xfer callback
[1] Claimed EP 0x81
  Queue EP 81 with 512 bytes ... 
OK
[:1] on EP 85 with 95 bytes: OK
  CDC xfer callback
tuh_cdc_rx_cb callback with idx=2
[1] Claimed EP 0x85
  Queue EP 85 with 512 bytes ... 
OK
Worldr
Hello Worldr
Hello Worldr
Hello Worldr
Hello Worldr
Hello Worldr
Hello Wors: OK
  CDC xfer callback
[1] Claimed EP 0x81
  Queue EP 81 with 512 bytes ... 
OK
[:1] on EP 85 with 94 bytes: OK
  CDC xfer callback
tuh_cdc_rx_cb callback with idx=2
[1] Claimed EP 0x85
  Queue EP 85 with 512 bytes ... 
OK
rldr
Hello Worldr
Hello Worldr
Hello Worldr
Hello Worldr
Hel on EP 81 with 2 bytes: OK
  CDC xfer callback
[1] Claimed EP 0x81
  Queue EP 81 with 512 bytes ... 
OK
[:1] on EP 85 with 94 bytes: OK
  CDC xfer callback
tuh_cdc_rx_cb callback with idx=2
[1] Claimed EP 0x85
  Queue EP 85 with 512 bytes ... 
OK
ldr
Hello Worldr
Hello Wor... 
OK
[:1] on EP 85 with 94 bytes: OK
  CDC xfer callback
tuh_cdc_rx_cb callback with idx=2
[1] Claimed EP 0x85
  Queue EP 85 with 512 bytes ... 
OK
dr
Hello Worldr
Hello Worldr
Hello Worldr
Hello Worldr
Hello Worldr
Hello Worldr
 EP 83 with 2 bytes: OK
  CDC xfer callback
1
  Queue EP 81 with 512 bytes ... 
OK
[:1] on EP 85 with 94 bytes: OK
  CDC xfer callback
tuh_cdc_rx_cb callback with idx=2
[1] Claimed EP 0x85
  Queue EP 85 with 512 bytes ... 
OK
r
Hello Worldr
Hello Worldr
Hello Worldr
Hello Worldr
Hello Worldr
Hello Worldr
Hs: OK
  CDC xfer callback
[1] Claimed EP 0x81
  Queue EP 81 with 512 bytes ... 
OK
[:1] on EP 85 with 94 bytes: OK
  CDC xfer callback
tuh_cdc_rx_cb callback with idx=2
[1] Claimed EP 0x85
  Queue EP 85 with 512 bytes ... 
OK

Hello Worldr
Hello Worldr
Hello Worldr
Hello Worldr
Hello Worldr
Hello Worldr
Hes: OK
  CDC xfer callback
[1] Claimed EP 0x81
  Queue EP 81 with 512 bytes ... 
OK
[:1] on EP 85 with 94 bytes: OK
  CDC xfer callback
tuh_cdc_rx_cb callback with idx=2
[1] Claimed EP 0x85
  Queue EP 85 with 512 bytes ... 
OK
Hello Worldr
Hello Worldr
Hello Worldr
Hello Worldr
Hello Worldr
Hello Worldr
Hels: OK
  CDC xfer callback
[1] Claimed EP 0x81
  Queue EP 81 with 512 bytes ... 
OK
[:1] on EP 85 with 94 bytes: OK
  CDC xfer callback
tuh_cdc_rx_cb callback with idx=2
[1] Claimed EP 0x85
  Queue EP 85 with 512 bytes ... 
OK
ello Worldr
Hello Worldr
Hello Worldr
Hello Worldr
Hello Woron EP 81 with 2 bytes: OK
  CDC xfer callback
[1] Claimed EP 0x81
  Queue EP 81 with 512 bytes ... 
OK
[:1] on EP 85 with 95 bytes: OK
  CDC xfer callback
tuh_cdc_rx_cb callback with idx=2
rldr
Hello Worldr
Hell[:1] on EP 87 with 2 bytes: OK
  CDC xfer callback
[1] Claimed EP 0x87
K
[:1] on EP 85 with 94 bytes: OK
  CDC xfer callback
tuh_cdc_rx_cb callback with idx=2
[1] Claimed EP 0x85
  Queue EP 85 with 512 bytes ... 
OK
o Worldr
Hello Worldr
Hello Worldr
Hello Worldr
Hello Worldr
Hello Worldr
Hello Worldr
Hello[:1] on EP 87 with 2 bytes: OK
  CDC xfer callback
[1] Claimed EP 0x87
  Queue EP 87 with 512 bytes ... 
OKh 2 bytes: OK
  CDC xfer callback
[1] Claimed EP 0x81
  Queue EP 81 with 512 bytes ... 
OK
[:1] on EP 85 with 94 bytes: OK
  CDC xfer callback
lo Worldr
Hello Worldr
Hello Worldr
Hello Worldr
Hello [:1] on EP 87 with 2 bytes: OK
0x81
  Queue EP 81 with 512 bytes ... 
OK
[:1] on EP 85 with 94 bytes: OK
  CDC xfer callback
tuh_cdc_rx_cb callback with idx=2
[1] Claimed EP 0x85
  Queue EP 85 with 512 bytes ... 
OK
Worldr
Hello Worldr
Hello Worldr
Hello Worldr
Hello Worldr
Hello Worldr
Hello Wor OK
  CDC xfer callback
[1] Claimed EP 0x81
  Queue EP 81 with 512 bytes ... 
OK
[:1] on EP 85 with 94 bytes: OK
  CDC xfer callback
tuh_cdc_rx_cb callback with idx=2
[1] Claimed EP 0x85
  Queue EP 85 with 512 bytes ... 
OK
orldr
Hello Worldr
Hello Worldr
Hello Worldr
Hello Worldr
Hello Worldr
Hello Worl: OK
  CDC xfer callback
[1] Claimed EP 0x81
  Queue EP 81 with 512 bytes ... 
OK
[:1] on EP 85 with 94 bytes: OK
  CDC xfer callback
tuh_cdc_rx_cb callback with idx=2
[1] Claimed EP 0x85
  Queue EP 85 with 512 bytes ... 
OK
rldr
Hello Worldr
Hello Worldr
Hello Worldr
Hello Worldr
Hello Worldr
Hello Worlds: OK
  CDC xfer callback
[1] Claimed EP 0x81
  Queue EP 81 with 512 bytes ... 
OK
[:1] on EP 85 with 94 bytes: OK
  CDC xfer callback
tuh_cdc_rx_cb callback with idx=2
[1] Claimed EP 0x85
  Queue EP 85 with 512 bytes ... 
OK
ldr
Hello Worldr
Hello Worldr
Hello Worldr
Hello Worldr
Hellon EP 81 with 2 bytes: OK
  CDC xfer callback
[1] Claimed EP 0x81
  Queue EP 81 with 512 bytes ... 
OK
[:1] on EP 85 with 94 bytes: OK
  CDC xfer callback
tuh_cdc_rx_cb callback with idx=2
[1] Claimed EP 0x85
  Queue EP 85 with 512 bytes ... 
OK
dr
Hello Worldr
Hello Worl... 
OK
[:1] on EP 85 with 95 bytes: OK
  CDC xfer callback
tuh_cdc_rx_cb callback with idx=2
[1] Claimed EP 0x85
  Queue EP 85 with 512 bytes ... 
OK
r
Hello Worldr
Hello Worldr
Hello Worldr
Hello Worldr
Hello Worldr
Hello Worldr
H EP 83 with 2 bytes: OK
  CDC xfer callback
[1] Claimed EP 0x83
  Queue EP 83 with 512 bytes ... 
OK
[:1] on EP 81 with 2 bytes: OK
  CDC xfer callback
[1] Claimed EP 0x81
  Queue EP 81 with 512 bytes ... 
OK
[:1] on EP 85 with 94 bytes: OK
  CDC xfer callback
r
Hello Worldr
Hello Worldr
Hello Worldr
Hello Worldr
H[:1] on EP 87 with 2 bytes: OK
  CDC xfer callback
th 512 bytes ... 
OK
[:1] on EP 85 with 94 bytes: OK
  CDC xfer callback
tuh_cdc_rx_cb callback with idx=2
[1] Claimed EP 0x85
  Queue EP 85 with 512 bytes ... 
OK
ello Worldr
Hello Worldr
Hello Worldr
Hello Worldr
Hello Worldr
Hello Worldr
Hell OK
  CDC xfer callback
[1] Claimed EP 0x81
  Queue EP 81 with 512 bytes ... 
OK
[:1] on EP 85 with 94 bytes: OK
  CDC xfer callback
tuh_cdc_rx_cb callback with idx=2
[1] Claimed EP 0x85
  Queue EP 85 with 512 bytes ... 
OK
llo Worldr
Hello Worldr
Hello Worldr
Hello Worldr
Hello Worldr
Hello Worldr
Hello: OK
  CDC xfer callback
[1] Claimed EP 0x81
  Queue EP 81 with 512 bytes ... 
OK
[:1] on EP 85 with 94 bytes: OK
  CDC xfer callback
tuh_cdc_rx_cb callback with idx=2
[1] Claimed EP 0x85
  Queue EP 85 with 512 bytes ... 
OK
lo Worldr
Hello Worldr
Hello Worldr
Hello Worldr
Hello Worldon EP 81 with 2 bytes: OK
  CDC xfer callback
[1] Claimed EP 0x81
  Queue EP 81 with 512 bytes ... 
OK
[:1] on EP 85 with 94 bytes: OK
  CDC xfer callback
tuh_cdc_rx_cb callback with idx=2
[1] Claimed EP 0x85
  Queue EP 85 with 512 bytes ... 
OK
o Worldr
Hello Worldr
Hello Worldr
Hello Worldr
Hello Worldrn EP 81 with 2 bytes: OK
  CDC xfer callback
[1] Claimed EP 0x81
  Queue EP 81 with 512 bytes ... 
OK
[:1] on EP 85 with 94 bytes: OK
  CDC xfer callback
tuh_cdc_rx_cb callback with idx=2
[1] Claimed EP 0x85
  Queue EP 85 with 512 bytes ... 
OK
 Worldr
Hello Worldr
Hello... 
OK
[:1] on EP 85 with 94 bytes: OK
  CDC xfer callback
tuh_cdc_rx_cb callback with idx=2
[1] Claimed EP 0x85
  Queue EP 85 with 512 bytes ... 
OK
Worldr
Hello Worldr
Hello Worldr
Hello Worldr
Hello Worldr
Hello Worldr
Hello WorEP 83 with 2 bytes: OK
  CDC xfer callback
[1] Claimed EP 0x83
 512 bytes ... 
OK
[:1] on EP 85 with 95 bytes: OK
  CDC xfer callback
tuh_cdc_rx_cb callback with idx=2
[1] Claimed EP 0x85
  Queue EP 85 with 512 bytes ... 
OK
orldr
Hello Worldr
Hello Worldr
Hello Worldr
Hello Worldr
Hello Worldr
Hello Worls: OK
  CDC xfer callback
[1] Claimed EP 0x81
  Queue EP 81 with 512 bytes ... 
OK
[:1] on EP 85 with 94 bytes: OK
  CDC xfer callback
tuh_cdc_rx_cb callback with idx=2
[1] Claimed EP 0x85
  Queue EP 85 with 512 bytes ... 
OK
ldr
Hello Worldr
Hello Worldr
Hello Worldr
Hello Worldr
Hello Worldr
Hello Worldr: OK
  CDC xfer callback
[1] Claimed EP 0x81
  Queue EP 81 with 512 bytes ... 
OK
[:1] on EP 85 with 94 bytes: OK
  CDC xfer callback
tuh_cdc_rx_cb callback with idx=2
[1] Claimed EP 0x85
  Queue EP 85 with 512 bytes ... 
OK
dr
Hello Worldr
Hello Worldr
Hello Worldr
Hello Worldr
Hello Worldr
Hello Worldr
: OK
  CDC xfer callback
[1] Claimed EP 0x81
  Queue EP 81 with 512 bytes ... 
OK
[:1] on EP 85 with 94 bytes: OK
  CDC xfer callback
tuh_cdc_rx_cb callback with idx=2
[1] Claimed EP 0x85
  Queue EP 85 with 512 bytes ... 
OK
r
Hello Worldr
Hello Worldr
Hello Worldr
Hello Worldr
Hello on EP 81 with 2 bytes: OK
  CDC xfer callback
[1] Claimed EP 0x81
  Queue EP 81 with 512 bytes ... 
OK
[:1] on EP 85 with 94 bytes: OK
  CDC xfer callback
tuh_cdc_rx_cb callback with idx=2
 Worldr
Hello Worldr
[:1] on EP 87 with 2 bytes: OK
  CDC xfer callback
[1] Claimed EP 0x87
K
[:1] on EP 85 with 94 bytes: OK
  CDC xfer callback
tuh_cdc_rx_cb callback with idx=2
[1] Claimed EP 0x85
  Queue EP 85 with 512 bytes ... 
OK
Hello Worldr
Hello Worldr
Hello Worldr
Hello Worldr
Hello Worldr
Hello Worldr
Hello Worldr
H[:1] on EP 87 with 2 bytes: OK
  CDC xfer callback
[1] Claimed EP 0x87
  Queue EP 87 with 512 bytes ... 
ith 2 bytes: OK
  CDC xfer callback
[1] Claimed EP 0x81
  Queue EP 81 with 512 bytes ... 
OK
[:1] on EP 85 with 94 bytes: OK
  CDC xfer callback

Hello Worldr
Hello Worldr
Hello Worldr
Hello Worldr
He[:1] on EP 87 with 2 bytes: OK
x81
  Queue EP 81 with 512 bytes ... 
OK
[:1] on EP 85 with 94 bytes: OK
  CDC xfer callback
tuh_cdc_rx_cb callback with idx=2
[1] Claimed EP 0x85
  Queue EP 85 with 512 bytes ... 
OK
llo Worldr
Hello Worldr
Hello Worldr
Hello Worldr
Hello Worldr
Hello Worldr
Hellos: OK
  CDC xfer callback
[1] Claimed EP 0x81
  Queue EP 81 with 512 bytes ... 
OK
[:1] on EP 85 with 95 bytes: OK
  CDC xfer callback
tuh_cdc_rx_cb callback with idx=2
[1] Claimed EP 0x85
  Queue EP 85 with 512 bytes ... 
OK
lo Worldr
Hello Worldr
Hello Worldr
Hello Worldr
Hello Worldr
Hello Worldr
Hello es: OK
  CDC xfer callback
[1] Claimed EP 0x81
  Queue EP 81 with 512 bytes ... 
OK
[:1] on EP 85 with 94 bytes: OK
  CDC xfer callback
tuh_cdc_rx_cb callback with idx=2
[1] Claimed EP 0x85
  Queue EP 85 with 512 bytes ... 
OK
 Worldr
Hello Worldr
Hello Worldr
Hello Worldr
Hello Worldr
Hello Worldr
Hello Wos: OK
  CDC xfer callback
[1] Claimed EP 0x81
  Queue EP 81 with 512 bytes ... 
OK
[:1] on EP 85 with 94 bytes: OK
  CDC xfer callback
tuh_cdc_rx_cb callback with idx=2
[1] Claimed EP 0x85
  Queue EP 85 with 512 bytes ... 
OK
Worldr
Hello Worldr
Hello Worldr
Hello Worldr
Hello Worldr
Hon EP 81 with 2 bytes: OK
  CDC xfer callback
[1] Claimed EP 0x81
  Queue EP 81 with 512 bytes ... 
OK
[:1] on EP 85 with 94 bytes: OK
  CDC xfer callback
tuh_cdc_rx_cb callback with idx=2
[1] Claimed EP 0x85
  Queue EP 85 with 512 bytes ... 
OK
orldr
Hello Worldr
Hello W... 
OK
[:1] on EP 85 with 94 bytes: OK
  CDC xfer callback
tuh_cdc_rx_cb callback with idx=2
[1] Claimed EP 0x85
  Queue EP 85 with 512 bytes ... 
OK
rldr
Hello Worldr
Hello Worldr
Hello Worldr
Hello Worldr
Hello Worldr
Hello WorldEP 83 with 2 bytes: OK
  CDC xfer callback
1
  Queue EP 81 with 512 bytes ... 
OK
[:1] on EP 85 with 94 bytes: OK
  CDC xfer callback
tuh_cdc_rx_cb callback with idx=2
[1] Claimed EP 0x85
  Queue EP 85 with 512 bytes ... 
OK
ldr
Hello Worldr
Hello Worldr
Hello Worldr
Hello Worldr
Hello Worldr
Hello WorldrEP 83 with 2 bytes: OK
  CDC xfer callback
[1] Claimed EP 0x83
  Queue EP 83 with 512 bytes ... 
OK
[:1] on EP 81 with 2 bytes: OK
  CDC xfer callback
[1] Claimed EP 0x81
  Queue EP 81 with 512 bytes ... 
OK
bytes ... 
OK
dr
Hello Worldr
Hello Worldr
Hello Worldr
Hello Worldr
Hello Worldr
Hello Worldr
Hello WorldC xfer callback
[1] Claimed EP 0x81
  Queue EP 81 with 512 bytes ... 
OK
[:1] on EP 85 with 94 bytes: OK
  CDC xfer callback
tuh_cdc_rx_cb callback with idx=2
[1] Claimed EP 0x85
  Queue EP 85 with 512 bytes ... 
OK
r
Hello Worldr
Hello Worldr
Hello Worldr
Hello Worldr
Hello Worldr
Hello Worldr
H OK
  CDC xfer callback
[1] Claimed EP 0x81
  Queue EP 81 with 512 bytes ... 
OK
[:1] on EP 85 with 95 bytes: OK
  CDC xfer callback
tuh_cdc_rx_cb callback with idx=2
[1] Claimed EP 0x85
  Queue EP 85 with 512 bytes ... 
OK

Hello Worldr
Hello Worldr
Hello Worldr
Hello Worldr
Hello W on EP 81 with 2 bytes: OK
  CDC xfer callback
[1] Claimed EP 0x81
  Queue EP 81 with 512 bytes ... 
OK
[:1] on EP 85 with 94 bytes: OK
  CDC xfer callback
tuh_cdc_rx_cb callback with idx=2
[1] Claimed EP 0x85
  Queue EP 85 with 512 bytes ... 
OK
ello Worldr
Hello Worldr
Hello Worldr
Hello Worldr
Hello Worln EP 81 with 2 bytes: OK
  CDC xfer callback
[1] Claimed EP 0x81
  Queue EP 81 with 512 bytes ... 
OK
[:1] on EP 85 with 94 bytes: OK
  CDC xfer callback
tuh_cdc_rx_cb callback with idx=2
[1] Claimed EP 0x85
  Queue EP 85 with 512 bytes ... 
OK
llo Worldr
Hello Worldr
He ... 
OK
[:1] on EP 85 with 94 bytes: OK
  CDC xfer callback
tuh_cdc_rx_cb callback with idx=2
[1] Claimed EP 0x85
  Queue EP 85 with 512 bytes ... 
OK
lo Worldr
Hello Worldr
Hello Worldr
Hello Worldr
Hello Worldr
Hello Worldr
Hello  EP 83 with 2 bytes: OK
  CDC xfer callback
[1] Claimed EP 0x83
  Queue EP 83 with 512 bytes ... 
OK
[:1] on EP 81 with 2 bytes: OK
  CDC xfer callback
[1] Claimed EP 0x81
  Queue EP 81 with 512 bytes ... 
OK
[:1] on EP 85 with 94 bytes: OK
  CDC xfer callback
tuh_cdc_rx_cb callback with idx=2
[1] Claimed EP 0x85
DC xfer callback
[1] Claimed EP 0x81
  Queue EP 81 with 512 bytes ... 
OK
[:1] on EP 85 with 94 bytes: OK
  CDC xfer callback
tuh_cdc_rx_cb callback with idx=2
[1] Claimed EP 0x85
  Queue EP 85 with 512 bytes ... 
OK
 Worldr
Hello Worldr
Hello Worldr
Hello Worldr
Hello Worldr
Hello Worldr
Hello Wos: OK
  CDC xfer callback
[1] Claimed EP 0x81
  Queue EP 81 with 512 bytes ... 
OK
[:1] on EP 85 with 94 bytes: OK
  CDC xfer callback
tuh_cdc_rx_cb callback with idx=2
[1] Claimed EP 0x85
  Queue EP 85 with 512 bytes ... 
OK
Worldr
Hello Worldr
Hello Worldr
Hello Worldr
Hello Worldr
Hello Worldr
Hello Wors: OK
  CDC xfer callback
[1] Claimed EP 0x81
  Queue EP 81 with 512 bytes ... 
OK
[:1] on EP 85 with 94 bytes: OK
  CDC xfer callback
tuh_cdc_rx_cb callback with idx=2
[1] Claimed EP 0x85
  Queue EP 85 with 512 bytes ... 
OK
orldr
Hello Worldr
Hello Worldr
Hello Worldr
Hello Worldr
He on EP 81 with 2 bytes: OK
  CDC xfer callback
[1] Claimed EP 0x81
  Queue EP 81 with 512 bytes ... 
OK
[:1] on EP 85 with 94 bytes: OK
  CDC xfer callback
tuh_cdc_rx_cb callback with idx=2
[1] Claimed EP 0x85
  Queue EP 85 with 512 bytes ... 
OK
rldr
Hello Worldr
Hello Wo... 
OK
[:1] on EP 85 with 94 bytes: OK
  CDC xfer callback
tuh_cdc_rx_cb callback with idx=2
[1] Claimed EP 0x85
  Queue EP 85 with 512 bytes ... 
OK
ldr
Hello Worldr
Hello Worldr
Hello Worldr
Hello Worldr
Hello Worldr
Hello Worldr EP 83 with 2 bytes: OK
  CDC xfer callback
[1] Claimed EP 0x83
 512 bytes ... 
OK
[:1] on EP 85 with 95 bytes: OK
  CDC xfer callback
tuh_cdc_rx_cb callback with idx=2
[1] Claimed EP 0x85
  Queue EP 85 with 512 bytes ... 
OK
dr
Hello Worldr
Hello Worldr
Hello Worldr
Hello Worldr
Hello Worldr
Hello Worldr
: OK
  CDC xfer callback
[1] Claimed EP 0x81
  Queue EP 81 with 512 bytes ... 
OK
[:1] on EP 85 with 94 bytes: OK
  CDC xfer callback
tuh_cdc_rx_cb callback with idx=2
[1] Claimed EP 0x85
  Queue EP 85 with 512 bytes ... 
OK

Hello Worldr
Hello Worldr
Hello Worldr
Hello Worldr
Hello Worldr
Hello Worldr
He: OK
  CDC xfer callback
[1] Claimed EP 0x81
  Queue EP 81 with 512 bytes ... 
OK
[:1] on EP 85 with 94 bytes: OK
  CDC xfer callback
tuh_cdc_rx_cb callback with idx=2
[1] Claimed EP 0x85
  Queue EP 85 with 512 bytes ... 
OK
Hello Worldr
Hello Worldr
Hello Worldr
Hello Worldr
Hello Worldr
Hello Worldr
Hel OK
  CDC xfer callback
[1] Claimed EP 0x81
  Queue EP 81 with 512 bytes ... 
OK
[:1] on EP 85 with 94 bytes: OK
  CDC xfer callback
tuh_cdc_rx_cb callback with idx=2
[1] Claimed EP 0x85
  Queue EP 85 with 512 bytes ... 
OK
ello Worldr
Hello Worldr
Hello Worldr
Hello Worldr
Hello Wor on EP 81 with 2 bytes: OK
  CDC xfer callback
[1] Claimed EP 0x81
  Queue EP 81 with 512 bytes ... 
OK
[:1] on EP 85 with 94 bytes: OK
  CDC xfer callback
tuh_cdc_rx_cb callback with idx=2
[1] Claimed EP 0x85
  Queue EP 85 with 512 bytes ... 
OK
llo Worldr
Hello Worldr
Hello Worldr
Hello Worldr
Hello Worldr
H 81 with 2 bytes: OK
  CDC xfer callback
[1] Claimed EP 0x81
  Queue EP 81 with 512 bytes ... 
OK
[:1] on EP 85 with 94 bytes: OK
  CDC xfer callback
tuh_cdc_rx_cb callback with idx=2
[1] Claimed EP 0x85
  Queue EP 85 with 512 bytes ... 
OK
lo Worldr
Hello Worldr
Hel... 
OK
[:1] on EP 85 with 94 bytes: OK
  CDC xfer callback
tuh_cdc_rx_cb callback with idx=2
[1] Claimed EP 0x85
  Queue EP 85 with 512 bytes ... 
OK
o Worldr
Hello Worldr
Hello Worldr
Hello Worldr
Hello Worldr
Hello Worldr
Hello W EP 83 with 2 bytes: OK
  CDC xfer callback
[1] Claimed EP 0x83
  Queue EP 83 with 512 bytes ... 
OK
[:1] on EP 81 with 2 bytes: OK
  CDC xfer callback
[1] Claimed EP 0x81
  Queue EP 81 with 512 bytes ... 
OK
[:1] on EP 85 with 94 bytes: OK
  CDC xfer callback
tuh_cdc_rx_cb callback with idx=2
[1] Claimed EP 0x85
C xfer callback
[1] Claimed EP 0x81
  Queue EP 81 with 512 bytes ... 
OK
[:1] on EP 85 with 95 bytes: OK
  CDC xfer callback
tuh_cdc_rx_cb callback with idx=2
[1] Claimed EP 0x85
  Queue EP 85 with 512 bytes ... 
OK
Worldr
Hello Worldr
Hello Worldr
Hello Worldr
Hello Worldr
Hello Worldr
Hello Wors: OK
  CDC xfer callback
[1] Claimed EP 0x81
  Queue EP 81 with 512 bytes ... 
OK
[:1] on EP 85 with 94 bytes: OK
  CDC xfer callback
tuh_cdc_rx_cb callback with idx=2
[1] Claimed EP 0x85
  Queue EP 85 with 512 bytes ... 
OK
rldr
Hello Worldr
Hello Worldr
Hello Worldr
Hello Worldr
Hello Worldr
Hello World OK
  CDC xfer callback
[1] Claimed EP 0x81
  Queue EP 81 with 512 bytes ... 
OK
[:1] on EP 85 with 94 bytes: OK
  CDC xfer callback
tuh_cdc_rx_cb callback with idx=2
[1] Claimed EP 0x85
  Queue EP 85 with 512 bytes ... 
OK
ldr
Hello Worldr
Hello Worldr
Hello Worldr
Hello Worldr
Hellon EP 81 with 2 bytes: OK
  CDC xfer callback
[1] Claimed EP 0x81
  Queue EP 81 with 512 bytes ... 
OK
[:1] on EP 85 with 94 bytes: OK
  CDC xfer callback
tuh_cdc_rx_cb callback with idx=2
[1] Claimed EP 0x85
  Queue EP 85 with 512 bytes ... 
OK
dr
Hello Worldr
Hello Worl ... 
OK
[:1] on EP 85 with 94 bytes: OK
  CDC xfer callback
tuh_cdc_rx_cb callback with idx=2
[1] Claimed EP 0x85
  Queue EP 85 with 512 bytes ... 
OK
r
Hello Worldr
Hello Worldr
Hello Worldr
Hello Worldr
Hello Worldr
Hello Worldr
H EP 83 with 2 bytes: OK
  CDC xfer callback
1
  Queue EP 81 with 512 bytes ... 
OK
[:1] on EP 85 with 94 bytes: OK
  CDC xfer callback
tuh_cdc_rx_cb callback with idx=2
[1] Claimed EP 0x85
  Queue EP 85 with 512 bytes ... 
OK

Hello Worldr
Hello Worldr
Hello Worldr
Hello Worldr
Hello Worldr
Hello Worldr
HeEP 83 with 2 bytes: OK
  CDC xfer callback
[1] Claimed EP 0x83
  Queue EP 83 with 512 bytes ... 
OK
[:1] on EP 81 with 2 bytes: OK
  CDC xfer callback
[1] Claimed EP 0x81
  Queue EP 81 with 512 bytes ... 
OK
 bytes ... 
OK
Hello Worldr
Hello Worldr
Hello Worldr
Hello Worldr
Hello Worldr
Hello Worldr
Hello Worldr
 xfer callback
[1] Claimed EP 0x81
  Queue EP 81 with 512 bytes ... 
OK
[:1] on EP 85 with 94 bytes: OK
  CDC xfer callback
tuh_cdc_rx_cb callback with idx=2
[1] Claimed EP 0x85
  Queue EP 85 with 512 bytes ... 
OK
ello Worldr
Hello Worldr
Hello Worldr
Hello Worldr
Hello Worldr
Hello Worldr
Hells: OK
  CDC xfer callback
[1] Claimed EP 0x81
  Queue EP 81 with 512 bytes ... 
OK
[:1] on EP 85 with 95 bytes: OK
  CDC xfer callback
tuh_cdc_rx_cb callback with idx=2
[1] Claimed EP 0x85
  Queue EP 85 with 512 bytes ... 
OK
llo Worldr
Hello Worldr
Hello Worldr
Hello Worldr
Hello Worldr
Hello Worldr
Helloes: OK
  CDC xfer callback
[1] Claimed EP 0x81
  Queue EP 81 with 512 bytes ... 
OK
[:1] on EP 85 with 94 bytes: OK
  CDC xfer callback
tuh_cdc_rx_cb callback with idx=2
[1] Claimed EP 0x85
  Queue EP 85 with 512 bytes ... 
OK
o Worldr
Hello Worldr
Hello Worldr
Hello Worldr
Hello Worldr
 EP 81 with 2 bytes: OK
  CDC xfer callback
[1] Claimed EP 0x81
  Queue EP 81 with 512 bytes ... 
OK
[:1] on EP 85 with 94 bytes: OK
  CDC xfer callback
tuh_cdc_rx_cb callback with idx=2
[1] Claimed EP 0x85
  Queue EP 85 with 512 bytes ... 
OK
 Worldr
Hello Worldr
Hello ... 
OK
[:1] on EP 85 with 94 bytes: OK
  CDC xfer callback
tuh_cdc_rx_cb callback with idx=2
[1] Claimed EP 0x85
  Queue EP 85 with 512 bytes ... 
OK
Worldr
Hello Worldr
Hello Worldr
Hello Worldr
Hello Worldr
Hello Worldr
Hello Wor EP 83 with 2 bytes: OK
  CDC xfer callback
[1] Claimed EP 0x83
  Queue EP 83 with 512 bytes ... 
OK
[:1] on EP 81 with 2 bytes: OK
  CDC xfer callback
[1] Claimed EP 0x81
  Queue EP 81 with 512 bytes ... 
OK
[:1] on EP 85 with 94 bytes: OK
  CDC xfer callback
tuh_cdc_rx_cb callback with idx=2
[1] Claimed EP 0x85
 xfer callback
[1] Claimed EP 0x81
  Queue EP 81 with 512 bytes ... 
OK
[:1] on EP 85 with 94 bytes: OK
  CDC xfer callback
tuh_cdc_rx_cb callback with idx=2
[1] Claimed EP 0x85
  Queue EP 85 with 512 bytes ... 
OK
rldr
Hello Worldr
Hello Worldr
Hello Worldr
Hello Worldr
Hello Worldr
Hello World: OK
  CDC xfer callback
[1] Claimed EP 0x81
  Queue EP 81 with 512 bytes ... 
OK
[:1] on EP 85 with 94 bytes: OK
  CDC xfer callback
tuh_cdc_rx_cb callback with idx=2
[1] Claimed EP 0x85
  Queue EP 85 with 512 bytes ... 
OK
ldr
Hello Worldr
Hello Worldr
Hello Worldr
Hello Worldr
Hello Worldr
Hello Worldrs: OK
  CDC xfer callback
[1] Claimed EP 0x81
  Queue EP 81 with 512 bytes ... 
OK
[:1] on EP 85 with 94 bytes: OK
  CDC xfer callback
tuh_cdc_rx_cb callback with idx=2
[1] Claimed EP 0x85
  Queue EP 85 with 512 bytes ... 
OK
dr
Hello Worldr
Hello Worldr
Hello Worldr
Hello Worldr
Hello on EP 81 with 2 bytes: OK
  CDC xfer callback
[1] Claimed EP 0x81
  Queue EP 81 with 512 bytes ... 
OK
[:1] on EP 85 with 94 bytes: OK
  CDC xfer callback
tuh_cdc_rx_cb callback with idx=2
[1] Claimed EP 0x85
  Queue EP 85 with 512 bytes ... 
OK
r
Hello Worldr
Hello World ... 
OK
[:1] on EP 85 with 95 bytes: OK
  CDC xfer callback
tuh_cdc_rx_cb callback with idx=2
[1] Claimed EP 0x85
  Queue EP 85 with 512 bytes ... 
OK

Hello Worldr
Hello Worldr
Hello Worldr
Hello Worldr
Hello Worldr
Hello Worldr
Hen EP 83 with 2 bytes: OK
  CDC xfer callback

  Queue EP 81 with 512 bytes ... 
OK
[:1] on EP 85 with 94 bytes: OK
  CDC xfer callback
tuh_cdc_rx_cb callback with idx=2
[1] Claimed EP 0x85
  Queue EP 85 with 512 bytes ... 
OK
ello Worldr
Hello Worldr
Hello Worldr
Hello Worldr
Hello Worldr
Hello Worldr
Hell EP 83 with 2 bytes: OK
  CDC xfer callback
[1] Claimed EP 0x83
  Queue EP 83 with 512 bytes ... 
OK
[:1] on EP 81 with 2 bytes: OK
  CDC xfer callback
[1] Claimed EP 0x81
  Queue EP 81 with 512 bytes ... 
OK
 bytes ... 
OK
llo Worldr
Hello Worldr
Hello Worldr
Hello Worldr
Hello Worldr
Hello Worldr
Hello Worldr
HeDC xfer callback
[1] Claimed EP 0x81
  Queue EP 81 with 512 bytes ... 
OK
[:1] on EP 85 with 94 bytes: OK
  CDC xfer callback
tuh_cdc_rx_cb callback with idx=2
[1] Claimed EP 0x85
  Queue EP 85 with 512 bytes ... 
OK
lo Worldr
Hello Worldr
Hello Worldr
Hello Worldr
Hello Worldr
Hello Worldr
Hello : OK
  CDC xfer callback
[1] Claimed EP 0x81
  Queue EP 81 with 512 bytes ... 
OK
[:1] on EP 85 with 94 bytes: OK
  CDC xfer callback
tuh_cdc_rx_cb callback with idx=2
[1] Claimed EP 0x85
  Queue EP 85 with 512 bytes ... 
OK
o Worldr
Hello Worldr
Hello Worldr
Hello Worldr
Hello Worldrn EP 81 with 2 bytes: OK
  CDC xfer callback
[1] Claimed EP 0x81
  Queue EP 81 with 512 bytes ... 
OK
[:1] on EP 85 with 94 bytes: OK
  CDC xfer callback
tuh_cdc_rx_cb callback with idx=2
[1] Claimed EP 0x85
  Queue EP 85 with 512 bytes ... 
OK
 Worldr
Hello Worldr
Hello Worldr
Hello Worldr
Hello Worldr
Hello W1 with 2 bytes: OK
  CDC xfer callback
[1] Claimed EP 0x81
  Queue EP 81 with 512 bytes ... 
OK
[:1] on EP 85 with 94 bytes: OK
  CDC xfer callback
tuh_cdc_rx_cb callback with idx=2

Hello Worldr
Hello W[:1] on EP 87 with 2 bytes: OK
  CDC xfer callback
[1] Claimed EP 0x87
K
[:1] on EP 85 with 94 bytes: OK
  CDC xfer callback
tuh_cdc_rx_cb callback with idx=2
[1] Claimed EP 0x85
  Queue EP 85 with 512 bytes ... 
OK
orldr
Hello Worldr
Hello Worldr
Hello Worldr
Hello Worldr
Hello Worldr
Hello Worl EP 83 with 2 bytes: OK
  CDC xfer callback
[1] Claimed EP 0x83
  Queue EP 83 with 512 bytes ... 
OK
[:1] on EP 81 with 2 bytes: OK
  CDC xfer callback
[1] Claimed EP 0x81
  Queue EP 81 with 512 bytes ... 
OK
[:1] on EP 85 with 95 bytes: OK
  CDC xfer callback
tuh_cdc_rx_cb callback with idx=2
[1] Claimed EP 0x85
  Queue EP back
[1] Claimed EP 0x81
  Queue EP 81 with 512 bytes ... 
OK
[:1] on EP 85 with 94 bytes: OK
  CDC xfer callback
tuh_cdc_rx_cb callback with idx=2
[1] Claimed EP 0x85
  Queue EP 85 with 512 bytes ... 
OK
dr
Hello Worldr
Hello Worldr
Hello Worldr
Hello Worldr
Hello Worldr
Hello Worldr
 OK
  CDC xfer callback
[1] Claimed EP 0x81
  Queue EP 81 with 512 bytes ... 
OK
[:1] on EP 85 with 94 bytes: OK
  CDC xfer callback
tuh_cdc_rx_cb callback with idx=2
[1] Claimed EP 0x85
  Queue EP 85 with 512 bytes ... 
OK
r
Hello Worldr
Hello Worldr
Hello Worldr
Hello Worldr
Hello Worldr
Hello Worldr
Hs: OK
  CDC xfer callback
[1] Claimed EP 0x81
  Queue EP 81 with 512 bytes ... 
OK
[:1] on EP 85 with 94 bytes: OK
  CDC xfer callback
tuh_cdc_rx_cb callback with idx=2
[1] Claimed EP 0x85
  Queue EP 85 with 512 bytes ... 
OK

Hello Worldr
Hello Worldr
Hello Worldr
Hello Worldr
Hello Won EP 81 with 2 bytes: OK
  CDC xfer callback
[1] Claimed EP 0x81
  Queue EP 81 with 512 bytes ... 
OK
[:1] on EP 85 with 94 bytes: OK
  CDC xfer callback
tuh_cdc_rx_cb callback with idx=2
[1] Claimed EP 0x85
  Queue EP 85 with 512 bytes ... 
OK
Hello Worldr
Hello Worldr
 ... 
OK
[:1] on EP 85 with 94 bytes: OK
  CDC xfer callback
tuh_cdc_rx_cb callback with idx=2
[1] Claimed EP 0x85
  Queue EP 85 with 512 bytes ... 
OK
ello Worldr
Hello Worldr
Hello Worldr
Hello Worldr
Hello Worldr
Hello Worldr
HellEP 83 with 2 bytes: OK
  CDC xfer callback
[1] Claimed EP 0x83
 512 bytes ... 
OK
[:1] on EP 85 with 94 bytes: OK
  CDC xfer callback
tuh_cdc_rx_cb callback with idx=2
[1] Claimed EP 0x85
  Queue EP 85 with 512 bytes ... 
OK
llo Worldr
Hello Worldr
Hello Worldr
Hello Worldr
Hello Worldr
Hello Worldr
Hellos: OK
  CDC xfer callback
[1] Claimed EP 0x81
  Queue EP 81 with 512 bytes ... 
OK
[:1] on EP 85 with 94 bytes: OK
  CDC xfer callback
tuh_cdc_rx_cb callback with idx=2
[1] Claimed EP 0x85
  Queue EP 85 with 512 bytes ... 
OK
lo Worldr
Hello Worldr
Hello Worldr
Hello Worldr
Hello Worldr
Hello Worldr
Hello s: OK
  CDC xfer callback
[1] Claimed EP 0x81
  Queue EP 81 with 512 bytes ... 
OK
[:1] on EP 85 with 95 bytes: OK
  CDC xfer callback
tuh_cdc_rx_cb callback with idx=2
[1] Claimed EP 0x85
  Queue EP 85 with 512 bytes ... 
OK
o Worldr
Hello Worldr
Hello Worldr
Hello Worldr
Hello Worldr
Hello Worldr
Hello Ws: OK
  CDC xfer callback
[1] Claimed EP 0x81
  Queue EP 81 with 512 bytes ... 
OK
[:1] on EP 85 with 94 bytes: OK
  CDC xfer callback
tuh_cdc_rx_cb callback with idx=2
[1] Claimed EP 0x85
  Queue EP 85 with 512 bytes ... 
OK
Worldr
Hello Worldr
Hello Worldr
Hello Worldr
Hello Worldr
H on EP 81 with 2 bytes: OK
  CDC xfer callback
[1] Claimed EP 0x81
  Queue EP 81 with 512 bytes ... 
OK
[:1] on EP 85 with 94 bytes: OK
  CDC xfer callback
tuh_cdc_rx_cb callback with idx=2
Hello Worldr
Hello Wo[:1] on EP 87 with 2 bytes: OK
  CDC xfer callback
[1] Claimed EP 0x87
  Queue EP 87 with 512 bytes ... 
OK
2 bytes: OK
  CDC xfer callback
[1] Claimed EP 0x81
  Queue EP 81 with 512 bytes ... 
OK
[:1] on EP 85 with 94 bytes: OK
  CDC xfer callback
tuh_cdc_rx_cb callback with idx=2
ello Worldr
Hello Wor[:1] on EP 87 with 2 bytes: OK
  CDC xfer callback
[1] Claimed EP 0x87
  Queue EP 87 with 512 by on EP 81 with 2 bytes: OK
  CDC xfer callback
[1] Claimed EP 0x81
  Queue EP 81 with 512 bytes ... 
OK
[:1] on EP 85 with 94 bytes: OK
  CDC xfer callback
orldr
Hello Worldr
Hello Worldr
Hello Worldr
Hello Worl[:1] on EP 87 with 2 bytes: OK
  CDC xfer callback
th 512 bytes ... 
OK
[:1] on EP 85 with 94 bytes: OK
  CDC xfer callback
tuh_cdc_rx_cb callback with idx=2
[1] Claimed EP 0x85
  Queue EP 85 with 512 bytes ... 
OK
dr
Hello Worldr
Hello Worldr
Hello Worldr
Hello Worldr
Hello Worldr
Hello Worldr
: OK
  CDC xfer callback
[1] Claimed EP 0x81
  Queue EP 81 with 512 bytes ... 
OK
[:1] on EP 85 with 94 bytes: OK
  CDC xfer callback
tuh_cdc_rx_cb callback with idx=2
[1] Claimed EP 0x85
  Queue EP 85 with 512 bytes ... 
OK
r
Hello Worldr
Hello Worldr
Hello Worldr
Hello Worldr
Hello Worldr
Hello Worldr
H: OK
  CDC xfer callback
[1] Claimed EP 0x81
  Queue EP 81 with 512 bytes ... 
OK
[:1] on EP 85 with 94 bytes: OK
  CDC xfer callback
tuh_cdc_rx_cb callback with idx=2
[1] Claimed EP 0x85
  Queue EP 85 with 512 bytes ... 
OK

Hello Worldr
Hello Worldr
Hello Worldr
Hello Worldr
Hello Won EP 81 with 2 bytes: OK
  CDC xfer callback
[1] Claimed EP 0x81
  Queue EP 81 with 512 bytes ... 
OK
[:1] on EP 85 with 95 bytes: OK
  CDC xfer callback
tuh_cdc_rx_cb callback with idx=2
[1] Claimed EP 0x85
  Queue EP 85 with 512 bytes ... 
OK
Hello Worldr
Hello Worldr
Hello Worldr
Hello Worldr
Hello Wo] on EP 81 with 2 bytes: OK
  CDC xfer callback
[1] Claimed EP 0x81
  Queue EP 81 with 512 bytes ... 
OK
[:1] on EP 85 with 94 bytes: OK
  CDC xfer callback
tuh_cdc_rx_cb callback with idx=2
rldr
Hello Worldr
Hel[:1] on EP 87 with 2 bytes: OK
  CDC xfer callback
[1] Claimed EP 0x87

[:1] on EP 85 with 94 bytes: OK
  CDC xfer callback
tuh_cdc_rx_cb callback with idx=2
[1] Claimed EP 0x85
  Queue EP 85 with 512 bytes ... 
OK
lo Worldr
Hello Worldr
Hello Worldr
Hello Worldr
Hello Worldr
Hello Worldr
Hello  EP 83 with 2 bytes: OK
  CDC xfer callback
[1] Claimed EP 0x83
  Queue EP 83 with 512 bytes ... 
OK
[:1] on EP 81 with 2 bytes: OK
  CDC xfer callback
[1] Claimed EP 0x81
  Queue EP 81 with 512 bytes ... 
OK
[:1] on EP 85 with 94 bytes: OK
  CDC xfer callback
tuh_cdc_rx_cb callback with idx=2
[1] Claimed EP 0x85
C xfer callback
[1] Claimed EP 0x81
  Queue EP 81 with 512 bytes ... 
OK
[:1] on EP 85 with 94 bytes: OK
  CDC xfer callback
tuh_cdc_rx_cb callback with idx=2
[1] Claimed EP 0x85
  Queue EP 85 with 512 bytes ... 
OK
 Worldr
Hello Worldr
Hello Worldr
Hello Worldr
Hello Worldr
Hello Worldr
Hello Wo OK
  CDC xfer callback
[1] Claimed EP 0x81
  Queue EP 81 with 512 bytes ... 
OK
[:1] on EP 85 with 94 bytes: OK
  CDC xfer callback
tuh_cdc_rx_cb callback with idx=2
[1] Claimed EP 0x85
  Queue EP 85 with 512 bytes ... 
OK
Worldr
Hello Worldr
Hello Worldr
Hello Worldr
Hello Worldr
Hello Worldr
Hello Wor: OK
  CDC xfer callback
[1] Claimed EP 0x81
  Queue EP 81 with 512 bytes ... 
OK
[:1] on EP 85 with 94 bytes: OK
  CDC xfer callback
tuh_cdc_rx_cb callback with idx=2
[1] Claimed EP 0x85
  Queue EP 85 with 512 bytes ... 
OK
orldr
Hello Worldr
Hello Worldr
Hello Worldr
Hello Worldr
Heon EP 81 with 2 bytes: OK
  CDC xfer callback
[1] Claimed EP 0x81
  Queue EP 81 with 512 bytes ... 
OK
[:1] on EP 85 with 94 bytes: OK
  CDC xfer callback
tuh_cdc_rx_cb callback with idx=2
[1] Claimed EP 0x85
r[:1] on EP 87 with 2 bytes: OK
  CDC xfer callback
[1] Claimed EP 0x87
  Queue EP 87 with 512 bytes ... 
OK
2 bytes: OK
  CDC xfer callback
[1] Claimed EP 0x81
  Queue EP 81 with 512 bytes ... 
OK
[:1] on EP 85 with 94 bytes: OK
  CDC xfer callback
tuh_cdc_rx_cb callback with idx=2
[1] Claimed EP 0x85
  Queue EP 85 with 512 bytes ... 
OK
ldr
H EP 81 with 512 bytes ... 
OK
[:1] on EP 85 with 95 bytes: OK
  CDC xfer callback
tuh_cdc_rx_cb callback with idx=2
[1] Claimed EP 0x85
  Queue EP 85 with 512 bytes ... 
OK
dr
Hello Worldr
Hello Worldr
Hello Worldr
Hello Worldr
Hello Worldr
Hello Worldr
s: OK
  CDC xfer callback
[1] Claimed EP 0x81
  Queue EP 81 with 512 bytes ... 
OK
[:1] on EP 85 with 94 bytes: OK
  CDC xfer callback
tuh_cdc_rx_cb callback with idx=2
[1] Claimed EP 0x85
  Queue EP 85 with 512 bytes ... 
OK

Hello Worldr
Hello Worldr
Hello Worldr
Hello Worldr
Hello Worldr
Hello Worldr
Hes: OK
  CDC xfer callback
[1] Claimed EP 0x81
  Queue EP 81 with 512 bytes ... 
OK
[:1] on EP 85 with 94 bytes: OK
  CDC xfer callback
tuh_cdc_rx_cb callback with idx=2
[1] Claimed EP 0x85
  Queue EP 85 with 512 bytes ... 
OK
Hello Worldr
Hello Worldr
Hello Worldr
Hello Worldr
Hello Worldr
Hello Worldr
Hel OK
  CDC xfer callback
[1] Claimed EP 0x81
  Queue EP 81 with 512 bytes ... 
OK
[:1] on EP 85 with 94 bytes: OK
  CDC xfer callback
tuh_cdc_rx_cb callback with idx=2
[1] Claimed EP 0x85
  Queue EP 85 with 512 bytes ... 
OK
ello Worldr
Hello Worldr
Hello Worldr
Hello Worldr
Hello Wor on EP 81 with 2 bytes: OK
  CDC xfer callback
[1] Claimed EP 0x81
  Queue EP 81 with 512 bytes ... 
OK
[:1] on EP 85 with 94 bytes: OK
  CDC xfer callback
tuh_cdc_rx_cb callback with idx=2
[1] Claimed EP 0x85
  Queue EP 85 with 512 bytes ... 
OK
llo Worldr
Hello Worldr
Hello Worldr
Hello Worldr
Hello Worldr
H 81 with 2 bytes: OK
  CDC xfer callback
[1] Claimed EP 0x81
  Queue EP 81 with 512 bytes ... 
OK
[:1] on EP 85 with 94 bytes: OK
  CDC xfer callback
tuh_cdc_rx_cb callback with idx=2
ldr
Hello Worldr
Hell[:1] on EP 87 with 2 bytes: OK
  CDC xfer callback
[1] Claimed EP 0x87

[:1] on EP 85 with 94 bytes: OK
  CDC xfer callback
tuh_cdc_rx_cb callback with idx=2
[1] Claimed EP 0x85
  Queue EP 85 with 512 bytes ... 
OK
o Worldr
Hello Worldr
Hello Worldr
Hello Worldr
Hello Worldr
Hello Worldr
Hello W EP 83 with 2 bytes: OK
  CDC xfer callback
[1] Claimed EP 0x83
  Queue EP 83 with 512 bytes ... 
OK
[:1] on EP 81 with 2 bytes: OK
  CDC xfer callback
[1] Claimed EP 0x81
  Queue EP 81 with 512 bytes ... 
OK
[:1] on EP 85 with 94 bytes: OK
  CDC xfer callback
tuh_cdc_rx_cb callback with idx=2
[1] Claimed EP 0x85
DC xfer callback
[1] Claimed EP 0x81
  Queue EP 81 with 512 bytes ... 
OK
[:1] on EP 85 with 95 bytes: OK
  CDC xfer callback
tuh_cdc_rx_cb callback with idx=2
[1] Claimed EP 0x85
  Queue EP 85 with 512 bytes ... 
OK
Worldr
Hello Worldr
Hello Worldr
Hello Worldr
Hello Worldr
Hello Worldr
Hello Wores: OK
  CDC xfer callback
[1] Claimed EP 0x81
  Queue EP 81 with 512 bytes ... 
OK
[:1] on EP 85 with 94 bytes: OK
  CDC xfer callback
tuh_cdc_rx_cb callback with idx=2
[1] Claimed EP 0x85
  Queue EP 85 with 512 bytes ... 
OK
rldr
Hello Worldr
Hello Worldr
Hello Worldr
Hello Worldr
Hello Worldr
Hello World: OK
  CDC xfer callback
[1] Claimed EP 0x81
  Queue EP 81 with 512 bytes ... 
OK
[:1] on EP 85 with 94 bytes: OK
  CDC xfer callback
tuh_cdc_rx_cb callback with idx=2
[1] Claimed EP 0x85
  Queue EP 85 with 512 bytes ... 
OK
ldr
Hello Worldr
Hello Worldr
Hello Worldr
Hello Worldr
Hellon EP 81 with 2 bytes: OK
  CDC xfer callback
[1] Claimed EP 0x81
  Queue EP 81 with 512 bytes ... 
OK
[:1] on EP 85 with 94 bytes: OK
  CDC xfer callback
tuh_cdc_rx_cb callback with idx=2
[1] Claimed EP 0x85
  Queue EP 85 with 512 bytes ... 
OK
dr
Hello Worldr
Hello Worl.. 
OK
[:1] on EP 85 with 94 bytes: OK
  CDC xfer callback
tuh_cdc_rx_cb callback with idx=2
[1] Claimed EP 0x85
  Queue EP 85 with 512 bytes ... 
OK
r
Hello Worldr
Hello Worldr
Hello Worldr
Hello Worldr
Hello Worldr
Hello Worldr
H EP 83 with 2 bytes: OK
  CDC xfer callback

  Queue EP 81 with 512 bytes ... 
OK
[:1] on EP 85 with 94 bytes: OK
  CDC xfer callback
tuh_cdc_rx_cb callback with idx=2
[1] Claimed EP 0x85
  Queue EP 85 with 512 bytes ... 
OK

Hello Worldr
Hello Worldr
Hello Worldr
Hello Worldr
Hello Worldr
Hello Worldr
HeEP 83 with 2 bytes: OK
  CDC xfer callback
[1] Claimed EP 0x83
  Queue EP 83 with 512 bytes ... 
OK
[:1] on EP 81 with 2 bytes: OK
  CDC xfer callback
[1] Claimed EP 0x81
  Queue EP 81 with 512 bytes ... 
OK
 bytes ... 
OK
Hello Worldr
Hello Worldr
Hello Worldr
Hello Worldr
Hello Worldr
Hello Worldr
Hello Worldr
C xfer callback
[1] Claimed EP 0x81
  Queue EP 81 with 512 bytes ... 
OK
[:1] on EP 85 with 94 bytes: OK
  CDC xfer callback
tuh_cdc_rx_cb callback with idx=2
[1] Claimed EP 0x85
  Queue EP 85 with 512 bytes ... 
OK
ello Worldr
Hello Worldr
Hello Worldr
Hello Worldr
Hello Worldr
Hello Worldr
Hell OK
  CDC xfer callback
[1] Claimed EP 0x81
  Queue EP 81 with 512 bytes ... 
OK
[:1] on EP 85 with 94 bytes: OK
  CDC xfer callback
tuh_cdc_rx_cb callback with idx=2
[1] Claimed EP 0x85
  Queue EP 85 with 512 bytes ... 
OK
llo Worldr
Hello Worldr
Hello Worldr
Hello Worldr
Hello Worln EP 81 with 2 bytes: OK
  CDC xfer callback
[1] Claimed EP 0x81
  Queue EP 81 with 512 bytes ... 
OK
[:1] on EP 85 with 95 bytes: OK
  CDC xfer callback
tuh_cdc_rx_cb callback with idx=2
[1] Claimed EP 0x85
lo[:1] on EP 87 with 2 bytes: OK
  CDC xfer callback
th 512 bytes ... 
OK
[:1] on EP 85 with 94 bytes: OK
  CDC xfer callback
tuh_cdc_rx_cb callback with idx=2
[1] Claimed EP 0x85
  Queue EP 85 with 512 bytes ... 
OK
 Worldr
Hello Worldr
Hello Worldr
Hello Worldr
Hello Worldr
Hello Worldr
Hello Worldr
Hello [:1] on EP 87 with 2 bytes: OK
  CDC xfer callback
[1] Claimed EP 0x87
  Queue EP 87 with 512 bytes ... 
ith 2 bytes: OK
  CDC xfer callback
[1] Claimed EP 0x81
  Queue EP 81 with 512 bytes ... 
OK
[:1] on EP 85 with 94 bytes: OK
  CDC xfer callback
o Worldr
Hello Worldr
Hello Worldr
Hello Worldr
Hello  2 bytes: OK
  CDC xfer callback
[1] Claimed EP 0x83
  Queue EP 83 with 512 bytes ... 
OK
[:1] on EP 81 with 2 bytes: OK
  CDC xfer callback
[1] Claimed EP 0x81
  Queue EP 81 with 512 bytes ... 
OK
[:1] on EP 85 with 94 bytes: OK
  CDC xfer callback
tuh_cdc_rx_cb callback with idx=2
[1] Claimed EP 0x85
DC xfer callback
[1] Claimed EP 0x81
  Queue EP 81 with 512 bytes ... 
OK
[:1] on EP 85 with 94 bytes: OK
  CDC xfer callback
tuh_cdc_rx_cb callback with idx=2
[1] Claimed EP 0x85
  Queue EP 85 with 512 bytes ... 
OK
rldr
Hello Worldr
Hello Worldr
Hello Worldr
Hello Worldr
Hello Worldr
Hello World: OK
  CDC xfer callback
[1] Claimed EP 0x81
  Queue EP 81 with 512 bytes ... 
OK
[:1] on EP 85 with 94 bytes: OK
  CDC xfer callback
tuh_cdc_rx_cb callback with idx=2
[1] Claimed EP 0x85
  Queue EP 85 with 512 bytes ... 
OK
ldr
Hello Worldr
Hello Worldr
Hello Worldr
Hello Worldr
Hello Worldr
Hello Worldr: OK
  CDC xfer callback
[1] Claimed EP 0x81
  Queue EP 81 with 512 bytes ... 
OK
[:1] on EP 85 with 94 bytes: OK
  CDC xfer callback
tuh_cdc_rx_cb callback with idx=2
[1] Claimed EP 0x85
  Queue EP 85 with 512 bytes ... 
OK
dr
Hello Worldr
Hello Worldr
Hello Worldr
Hello Worldr
Helloon EP 81 with 2 bytes: OK
  CDC xfer callback
[1] Claimed EP 0x81
  Queue EP 81 with 512 bytes ... 
OK
[:1] on EP 85 with 94 bytes: OK
  CDC xfer callback
tuh_cdc_rx_cb callback with idx=2
[1] Claimed EP 0x85
  Queue EP 85 with 512 bytes ... 
OK
r
Hello Worldr
Hello Worlds ... 
OK
[:1] on EP 85 with 95 bytes: OK
  CDC xfer callback
tuh_cdc_rx_cb callback with idx=2
[1] Claimed EP 0x85
  Queue EP 85 with 512 bytes ... 
OK

Hello Worldr
Hello Worldr
Hello Worldr
Hello Worldr
Hello Worldr
Hello Worldr
He EP 83 with 2 bytes: OK
  CDC xfer callback
1
  Queue EP 81 with 512 bytes ... 
OK
[:1] on EP 85 with 94 bytes: OK
  CDC xfer callback
tuh_cdc_rx_cb callback with idx=2
[1] Claimed EP 0x85
  Queue EP 85 with 512 bytes ... 
OK
ello Worldr
Hello Worldr
Hello Worldr
Hello Worldr
Hello Worldr
Hello Worldr
Hells: OK
  CDC xfer callback
[1] Claimed EP 0x81
  Queue EP 81 with 512 bytes ... 
OK
[:1] on EP 85 with 94 bytes: OK
  CDC xfer callback
tuh_cdc_rx_cb callback with idx=2
[1] Claimed EP 0x85
  Queue EP 85 with 512 bytes ... 
OK
llo Worldr
Hello Worldr
Hello Worldr
Hello Worldr
Hello Worldr
Hello Worldr
Hello OK
  CDC xfer callback
[1] Claimed EP 0x81
  Queue EP 81 with 512 bytes ... 
OK
[:1] on EP 85 with 94 bytes: OK
  CDC xfer callback
tuh_cdc_rx_cb callback with idx=2
[1] Claimed EP 0x85
  Queue EP 85 with 512 bytes ... 
OK
lo Worldr
Hello Worldr
Hello Worldr
Hello Worldr
Hello Worldr
Hello Worldr
Hello : OK
  CDC xfer callback
[1] Claimed EP 0x81
  Queue EP 81 with 512 bytes ... 
OK
[:1] on EP 85 with 94 bytes: OK
  CDC xfer callback
tuh_cdc_rx_cb callback with idx=2
[1] Claimed EP 0x85
  Queue EP 85 with 512 bytes ... 
OK
o Worldr
Hello Worldr
Hello Worldr
Hello Worldr
Hello Worldrn EP 81 with 2 bytes: OK
  CDC xfer callback
[1] Claimed EP 0x81
  Queue EP 81 with 512 bytes ... 
OK
[:1] on EP 85 with 94 bytes: OK
  CDC xfer callback
tuh_cdc_rx_cb callback with idx=2
[1] Claimed EP 0x85
  Queue EP 85 with 512 bytes ... 
OK
 Worldr
Hello Worldr
Hello Worldr
Hello Worldr
Hello Worldr
 on EP 81 with 2 bytes: OK
  CDC xfer callback
[1] Claimed EP 0x81
  Queue EP 81 with 512 bytes ... 
OK
[:1] on EP 85 with 94 bytes: OK
  CDC xfer callback
tuh_cdc_rx_cb callback with idx=2
[1] Claimed EP 0x85
  Queue EP 85 with 512 bytes ... 
OK
Worldr
Hello Worldr
Hello ... 
OK
[:1] on EP 85 with 94 bytes: OK
  CDC xfer callback
tuh_cdc_rx_cb callback with idx=2
[1] Claimed EP 0x85
  Queue EP 85 with 512 bytes ... 
OK
orldr
Hello Worldr
Hello Worldr
Hello Worldr
Hello Worldr
Hello Worldr
Hello Worl EP 83 with 2 bytes: OK
  CDC xfer callback
[1] Claimed EP 0x83
 512 bytes ... 
OK
[:1] on EP 85 with 95 bytes: OK
  CDC xfer callback
tuh_cdc_rx_cb callback with idx=2
[1] Claimed EP 0x85
  Queue EP 85 with 512 bytes ... 
OK
rldr
Hello Worldr
Hello Worldr
Hello Worldr
Hello Worldr
Hello Worldr
Hello Worlds: OK
  CDC xfer callback
[1] Claimed EP 0x81
  Queue EP 81 with 512 bytes ... 
OK
[:1] on EP 85 with 94 bytes: OK
  CDC xfer callback
tuh_cdc_rx_cb callback with idx=2
[1] Claimed EP 0x85
  Queue EP 85 with 512 bytes ... 
OK
dr
Hello Worldr
Hello Worldr
Hello Worldr
Hello Worldr
Hello Worldr
Hello Worldr
s: OK
  CDC xfer callback
[1] Claimed EP 0x81
  Queue EP 81 with 512 bytes ... 
OK
[:1] on EP 85 with 94 bytes: OK
  CDC xfer callback
tuh_cdc_rx_cb callback with idx=2
[1] Claimed EP 0x85
  Queue EP 85 with 512 bytes ... 
OK
r
Hello Worldr
Hello Worldr
Hello Worldr
Hello Worldr
Hello Worldr
Hello Worldr
H: OK
  CDC xfer callback
[1] Claimed EP 0x81
  Queue EP 81 with 512 bytes ... 
OK
[:1] on EP 85 with 94 bytes: OK
  CDC xfer callback
tuh_cdc_rx_cb callback with idx=2
[1] Claimed EP 0x85
  Queue EP 85 with 512 bytes ... 
OK

Hello Worldr
Hello Worldr
Hello Worldr
Hello Worldr
Hello W on EP 81 with 2 bytes: OK
  CDC xfer callback
[1] Claimed EP 0x81
  Queue EP 81 with 512 bytes ... 
OK
[:1] on EP 85 with 94 bytes: OK
  CDC xfer callback
tuh_cdc_rx_cb callback with idx=2
[1] Claimed EP 0x85
H[:1] on EP 87 with 2 bytes: OK
  CDC xfer callback
[1] Claimed EP 0x87
  Queue EP 87 with 512 bytes ... 
OK
2 bytes: OK
  CDC xfer callback
[1] Claimed EP 0x81
  Queue EP 81 with 512 bytes ... 
OK
[:1] on EP 85 with 94 bytes: OK
  CDC xfer callback

Hello Worldr
Hello Worldr
Hello Worldr
Hello Worldr
Hh 2 bytes: OK
  CDC xfer callback
[1] Claimed EP 0x83
  Queue EP 83 with 512 bytes ... 
OK
[:1] on EP 81 with 2 bytes: OK
  CDC xfer callback
[1] Claimed EP 0x81
  Queue EP 81 with 512 bytes ... 
OK
[:1] on EP 85 with 94 bytes: OK
  CDC xfer callback
Hello Worldr
Hello Worldr
Hello Worldr
Hello Worldr
Hel[:1] on EP 87 with 0 bytes: FAILED
  CDC xfer callback
IN] FTDI disconnected
